cpg,gene,spearman_rho,p_value,q_value
cg18509990,NAT1,-0.654933178365905,2.882806839799676e-70,1.5192392045744293e-67
cg15543523,ESR1,-0.5931293365203688,8.64241039377448e-55,2.2772751387595756e-52
cg26089753,ESR1,-0.5599535393591402,8.843014215135274e-48,1.5534228304587632e-45
cg09102997,NAT1,-0.5481730919108644,1.780800854944623e-45,2.346205126389541e-43
cg08884395,ESR1,-0.5457067616196319,5.266030671255137e-45,4.7156533604753106e-43
cg07470176,NAT1,-0.5456625819156938,5.3688653060439965e-45,4.7156533604753106e-43
cg01715172,ESR1,-0.5434476119491507,1.410524042411989e-44,1.0619231005015975e-42
cg21608605,ESR1,-0.5394187188262428,8.025346757336798e-44,5.2866971763956156e-42
cg07584093,ESR1,-0.5356494571141495,3.996781747775867e-43,2.340337756753202e-41
cg10441070,ESR1,-0.5251168005125653,3.19246414998026e-41,1.682428607039597e-39
cg01321962,ESR1,-0.5213959549143768,1.4467007853148673e-40,6.93101194419032e-39
cg09646983,ESR1,-0.5085738213265182,2.2945591032176157e-38,1.0076938728297363e-36
cg25338972,ESR1,-0.49861012130791826,1.0165245299078765e-36,4.1208340558573153e-35
cg19449067,ESR1,-0.4945245409849801,4.641976550426344e-36,1.7473726014819167e-34
cg17706972,ESR1,-0.485458152944083,1.2560339311608033e-34,4.412865878144956e-33
cg24900983,ESR1,-0.48505703888930213,1.450054162890305e-34,4.776115899019942e-33
cg23664186,FOXA1,-0.48325057988383097,2.7625545206023084e-34,8.563919013867156e-33
cg07671949,ESR1,-0.4704580339211364,2.3800872918371718e-32,6.968366682212164e-31
cg03684977,GRB7,-0.4627158265955363,3.226771247171069e-31,8.950044459258701e-30
cg08907436,ESR1,-0.46135324921212867,5.070428800148346e-31,1.336057988839089e-29
cg07189962,ESR1,-0.4523886022550343,9.431269486595602e-30,2.366799533064706e-28
cg21157690,ESR1,-0.4499814472141301,2.0374779958022487e-29,4.880685926308114e-28
cg24764793,ESR1,-0.44963345639543917,2.2763182299326588e-29,5.215737857280483e-28
cg20627916,ESR1,-0.4464567541218588,6.22488714754465e-29,1.3668814694816796e-27
cg07619683,ESR1,-0.44443659176918,1.173773025417781e-28,2.4743135375806826e-27
cg11813455,ESR1,-0.44329948553844306,1.6742498359047452e-28,3.3935756289300026e-27
cg06611115,ESR1,-0.44291417396528376,1.8877813015341578e-28,3.684669429290745e-27
cg17264271,ESR1,-0.4394360813826459,5.54012234711389e-28,1.0427301703317928e-26
cg19411146,ESR1,-0.43771845249726954,9.38507722764765e-28,1.7054950686104525e-26
cg22904102,NAT1,-0.4340978686016257,2.8229939886311578e-27,4.9590594400287336e-26
cg21950534,ESR1,-0.43291960867406964,4.028247446085401e-27,6.848020658345183e-26
cg08161546,ESR1,-0.42536958642283057,3.8039870769570126e-26,6.26469121736358e-25
cg21919556,GPR160,-0.4221554961501793,9.726223905998346e-26,1.55324848438216e-24
cg10724086,FOXA1,-0.4216314589617622,1.1324079405262415e-25,1.7552323078156746e-24
cg07746998,ESR1,-0.41938091660041954,2.169621750250757e-25,3.266830463948997e-24
cg27316393,ESR1,-0.41666483985496144,4.724421967539068e-25,6.916028824703025e-24
cg23164938,ESR1,-0.4164022496816304,5.0916658403953585e-25,7.252183507806362e-24
cg20893956,ESR1,-0.41534973716102164,6.868840682542746e-25,9.525997472894808e-24
cg15227682,ERBB2,-0.4146090378628805,8.47444282335872e-25,1.145136248182063e-23
cg23009221,ESR1,-0.41297042138561274,1.3462442212370721e-24,1.7736767614798424e-23
cg00655307,ESR1,-0.41096061470174133,2.3667958526602288e-24,3.0421985715900986e-23
cg10323697,FOXA1,-0.40824131021535626,5.047384982422412e-24,6.33326639461098e-23
cg11260422,FOXA1,-0.40628556819201184,8.664755233588064e-24,1.0619362809537e-22
cg14187895,ERBB2,-0.40037537282088825,4.3411801155384827e-23,5.199549820201774e-22
cg04241863,NAT1,-0.3965131118233361,1.2229888254328618e-22,1.4322558022291516e-21
cg05171584,ESR1,-0.39393152428316924,2.425497449224034e-22,2.7787764255240564e-21
cg18745416,ESR1,-0.39143735472644164,4.673363384865352e-22,5.24013298685966e-21
cg23165623,ESR1,-0.3906900654572411,5.681935078313935e-22,6.2382912213988415e-21
cg21614759,ESR1,-0.38717592976758525,1.4147548338166064e-21,1.491151594842703e-20
cg17355719,GRB7,-0.3859085707415237,1.9606271706662563e-21,2.0259814096884646e-20
cg12413918,ERBB2,-0.3808479436802245,7.11443828307405e-21,7.210209567653893e-20
cg07967228,GRB7,-0.3736864607430717,4.2433102112386365e-20,4.219291474193889e-19
cg03015370,FOXA1,-0.3648418454016997,3.6243819731458694e-19,3.5371283330516165e-18
cg18007957,ESR1,-0.362072779909357,6.998248761583594e-19,6.705594722462826e-18
cg19453250,SLC39A6,-0.35665918592877105,2.486843982205114e-18,2.3402978189680267e-17
cg14070755,MLPH,-0.35141148438291175,8.306827072903185e-18,7.680171697228031e-17
cg15980539,ESR1,-0.3488587447772798,1.4815228398112137e-17,1.3461423044491546e-16
cg24319902,SFRP1,-0.3483314798479358,1.6684878520638973e-17,1.4903272848096166e-16
cg05616858,ERBB2,-0.3425135440716419,6.101040535916674e-17,5.358747270713478e-16
cg02084046,CXXC5,-0.33941625767378597,1.2033272277453733e-16,1.0395958180685436e-15
cg03026462,FOXA1,-0.33800170021253334,1.6368380200586442e-16,1.3913123170498475e-15
cg00920970,ESR1,-0.33198115644846826,5.957687680944208e-16,4.983653028345393e-15
cg11251858,ESR1,-0.3295332511783608,9.99291418136775e-16,8.228540271220007e-15
cg23032032,FOXA1,-0.3282016735567728,1.3213807434865203e-15,1.0713348489498403e-14
cg24967701,GRB7,-0.32231111360962167,4.473810225163806e-15,3.572269679789888e-14
cg16581884,PGR,-0.31965777607843193,7.682286360087928e-15,6.042634196666177e-14
cg13686012,PGR,-0.3162435658683074,1.528374081401736e-14,1.1844899130863455e-13
cg01824511,FOXA1,-0.31518103390190444,1.8898226264829016e-14,1.4433862668934624e-13
cg20253551,ESR1,-0.3136303733648971,2.5721987661172195e-14,1.936498213919678e-13
cg15797286,NAT1,-0.312691571467362,3.0972780406779986e-14,2.2989655316018384e-13
cg17187163,MLPH,-0.3121540181138131,3.443862962034169e-14,2.5207163624888987e-13
cg14579118,BLVRA,-0.3111109870821773,4.228256508752973e-14,3.05245367138742e-13
cg01892516,FOXA1,-0.30891181959725594,6.499851537670183e-14,4.628948324800253e-13
cg11637980,PGR,-0.3079098750178366,7.897080581823968e-14,5.549015288828308e-13
cg25742394,GPR160,-0.3074629001440514,8.61165634907922e-14,5.971503810479932e-13
cg20725670,CDC6,-0.3032499585437025,1.934324384142596e-13,1.3238817538222702e-12
cg04211581,ESR1,-0.3002283895684255,3.428505865450868e-13,2.3164392193494967e-12
cg13708869,CDC6,-0.29838037339851936,4.849651164353439e-13,3.2005775321805762e-12
cg05301556,MAPT,-0.29837055568653315,4.858561718680192e-13,3.2005775321805762e-12
cg08284496,GRB7,-0.2944577939923941,1.004199570481516e-12,6.533495970910604e-12
cg07090813,PHGDH,-0.2906159753540462,2.0265321128752935e-12,1.2910803252100556e-11
cg10713339,ERBB2,-0.29059734859911335,2.0333902655110936e-12,1.2910803252100556e-11
cg23333072,ERBB2,-0.2903709360220057,2.1185898804635995e-12,1.3291629369099011e-11
cg14263391,GRB7,-0.2898706361783225,2.319426398428516e-12,1.4380443670256797e-11
cg25042948,CDC6,-0.28925669295616824,2.5914502840877863e-12,1.588016627574725e-11
cg12090740,BCL2,-0.2866394657765992,4.145236818868262e-12,2.5109652914293957e-11
cg01495122,SFRP1,-0.28602290001494174,4.627020500050032e-12,2.770954322189053e-11
cg01692252,GRB7,-0.28520486942375817,5.351505679266909e-12,3.168812913453552e-11
cg09383389,GPR160,-0.28089462488338107,1.1427614991740462e-11,6.691503445163582e-11
cg11603030,MDM2,-0.2756987016815589,2.8029158690549253e-11,1.6232271021889514e-10
cg22778981,ERBB2,-0.27446072854685355,3.461328330691e-11,1.9827391633414748e-10
cg10406295,SFRP1,-0.27438884406662545,3.503881183924545e-11,1.9855326708905755e-10
cg03860890,EGFR,-0.2735889022735535,4.013254849903272e-11,2.2499843679776855e-10
cg17816908,SFRP1,-0.27259415286661726,4.748220397800509e-11,2.6340127890956513e-10
cg26791905,PHGDH,-0.27099911089186385,6.208950622939324e-11,3.4084551857177327e-10
cg05981907,CDC6,-0.2703042724127269,6.974683850588258e-11,3.7893385456288784e-10
cg04667586,MDM2,-0.2702157112710427,7.078666766030459e-11,3.8065891690796444e-10
cg24703804,MDM2,-0.27010105922353195,7.215532059354558e-11,3.840995348767527e-10
cg23197992,FGFR4,-0.2688218651474049,8.92884193999651e-11,4.66026383853918e-10
cg09781971,MDM2,-0.26882011678773615,8.931435440084576e-11,4.66026383853918e-10
cg01202278,MDM2,-0.26642936942987744,1.3259897072972263e-10,6.784432774229497e-10
cg22418909,SFRP1,-0.26553131776154554,1.5366235462651046e-10,7.78654431617029e-10
cg13612689,ESR1,-0.2648514748287986,1.7174274025869104e-10,8.619849915840969e-10
cg02433278,ERBB2,-0.2629352726318099,2.345909335594073e-10,1.1663153017529023e-09
cg01777019,ESR1,-0.26223814783618304,2.6261128690174615e-10,1.293421945768413e-09
cg04149472,NAT1,-0.25723844438488064,5.842036379454679e-10,2.8506973814561257e-09
cg25202618,CDC6,-0.25688184625705107,6.180900015929358e-10,2.988380099444745e-09
cg03386751,ERBB2,-0.25495986102423485,8.36363164506753e-10,4.006939888136898e-09
cg21517947,SFRP1,-0.25489618038552947,8.447500698806373e-10,4.010660241685548e-09
cg01387102,MLPH,-0.25429951902625514,9.274116137189758e-10,4.363802860981252e-09
cg23731030,ERBB2,-0.25144048025557253,1.4458244072489361e-09,6.742915598408755e-09
cg26612362,PHGDH,-0.2510122666259254,1.54452452764671e-09,7.1400388251738255e-09
cg01747547,ACTR3B,-0.2499493984365092,1.8186560311497936e-09,8.334188942747314e-09
cg05724997,BCL2,-0.24830990777940706,2.3364794430609245e-09,1.0590903979192996e-08
cg01912921,FOXC1,-0.24826371073738954,2.352972241488584e-09,1.0590903979192996e-08
cg23699933,BCL2,-0.24821247035017358,2.3713978549236686e-09,1.0590903979192996e-08
cg06557887,CDC6,-0.24656753288025712,3.043364927160682e-09,1.3477758963140161e-08
cg17740645,GRB7,-0.2448268390961734,3.955174874494952e-09,1.7369809657156997e-08
cg00618323,FGFR4,-0.24441362101291622,4.207806069019118e-09,1.8326560317132852e-08
cg15839448,SFRP1,-0.24405944369078192,4.436748785801472e-09,1.916530008292931e-08
cg13906669,PGR,-0.24241551488990515,5.667529971051877e-09,2.4282831664588124e-08
cg23302638,BIRC5,-0.23861659830804513,9.912093756223651e-09,4.2126398463950515e-08
cg10365447,FOXC1,-0.23714279835186172,1.2281403822558912e-08,5.1778398515908376e-08
cg16581536,FOXA1,-0.23496642678723714,1.6810576796177636e-08,7.031090453639376e-08
cg27300230,ERBB2,-0.23400328234354434,1.9297065049750012e-08,7.98092724515728e-08
cg13398291,SFRP1,-0.23397167738030095,1.9384415320306108e-08,7.98092724515728e-08
cg04255616,SFRP1,-0.2335676718076062,2.0535302619640592e-08,8.389228279496583e-08
cg22733687,PGR,-0.23255550604858477,2.3716707538341424e-08,9.540996086035061e-08
cg01194468,BAG1,-0.2309006836220794,2.9971368122928246e-08,1.187587293291969e-07
cg12953669,BCL2,-0.22955424494330673,3.621183763679303e-08,1.424152121984323e-07
cg19291926,CDC6,-0.228184674121224,4.384167333486208e-08,1.7114490257386903e-07
cg23024444,PTTG1,-0.22780528007309758,4.6216522732414457e-08,1.7908902558810602e-07
cg13761998,GRB7,-0.22437405697850363,7.416184184186272e-08,2.8527949380045004e-07
cg07311521,EGFR,-0.220996293343013,1.1726902227800373e-07,4.446098902194818e-07
cg22019649,CXXC5,-0.22032028335261683,1.2842020220300063e-07,4.834103325784381e-07
cg13448401,ORC6,-0.2200453874170017,1.3324152125615545e-07,4.980019978864817e-07
cg27347932,BCL2,-0.2197722398410553,1.3820490493367598e-07,5.12915386620051e-07
cg09276158,FOXA1,-0.21773136615076158,1.8136569261913876e-07,6.683896504215814e-07
cg15483228,TMEM45B,-0.21678247756282965,2.0561020292638156e-07,7.524762287652992e-07
cg26399396,UBE2T,-0.21361935869898374,3.111074566546209e-07,1.1153308139930966e-06
cg25152942,MIA,-0.2124650608706459,3.6130129656326847e-07,1.2778911630123655e-06
cg04391064,BLVRA,-0.21055239961692096,4.620728378875038e-07,1.6234159037780967e-06
cg24038058,FOXC1,-0.2076201314739573,6.707879842358156e-07,2.325692550607071e-06
cg27388618,BCL2,-0.20652713770255585,7.69715947446042e-07,2.6512438189808113e-06
cg23641145,PGR,-0.205166510412625,9.125491144275609e-07,3.1228141772943156e-06
cg21793948,BCL2,-0.20385577861785714,1.073992517178308e-06,3.651574558406247e-06
cg16520312,MAPT,-0.20155036466075574,1.4266489594341942e-06,4.819512830909105e-06
cg11255230,BCL2,-0.2014022920457301,1.452743535707838e-06,4.851168224270632e-06
cg26705960,PGR,-0.2013928105567571,1.454429942001442e-06,4.851168224270632e-06
cg03969725,UBE2C,-0.20103547273829844,1.5193736285681874e-06,5.035911334939842e-06
cg07111678,BCL2,-0.19974874726667505,1.7770411386438745e-06,5.853129250408261e-06
cg19197419,UBE2C,-0.19701525416913176,2.4703807758182287e-06,8.036362153433373e-06
cg23202277,MAPT,-0.19392630610200387,3.5649321721056684e-06,1.1455605211583458e-05
cg19023552,MIA,-0.19240857039591044,4.259839112842863e-06,1.360566795435266e-05
cg20491838,FOXC1,-0.18951909484461185,5.956108032881022e-06,1.8795622355259273e-05
cg20034785,UBE2C,-0.1881475066844497,6.971009214910475e-06,2.1737999149454557e-05
cg00424800,GPR160,-0.18577431016788154,9.12783498772712e-06,2.8130813090831535e-05
cg22396409,EGFR,-0.18537312886849797,9.550217908881149e-06,2.9261423476630034e-05
cg05064645,EGFR,-0.18316938875059666,1.2223108176372748e-05,3.723455496501987e-05
cg21777986,BCL2,-0.18088576204475235,1.5736383333029893e-05,4.766134492245261e-05
cg11117266,MAPT,-0.18081421378753748,1.5860644921336865e-05,4.77631992773973e-05
cg22839866,ESR1,-0.17986324061692352,1.760342917884942e-05,5.2710268052577525e-05
cg09065776,CENPF,-0.17874523185333793,1.9885093944912857e-05,5.920590118061625e-05
cg15138846,NAT1,-0.17814312368124932,2.122755292814468e-05,6.284786737714745e-05
cg19136718,UBE2C,-0.17762312116899096,2.245577741823436e-05,6.611281954977378e-05
cg22299741,PGR,-0.1763202569927326,2.583611137361749e-05,7.5642392743869e-05
cg14604802,BCL2,-0.17571263476322707,2.757272535446515e-05,8.028080807626042e-05
cg04173528,CDC6,-0.17526223041470687,2.8930831915330836e-05,8.37722440625239e-05
cg20099416,MAPT,-0.17500374216213724,2.973864696964845e-05,8.56408030218838e-05
cg10244268,ORC6,-0.17449476776471276,3.13921766630545e-05,8.991128859472674e-05
cg05958127,PHGDH,-0.17407637184705188,3.281631183329825e-05,9.34821423575577e-05
cg11819639,UBE2T,-0.17338792160516633,3.529371092812056e-05,9.999884762967493e-05
cg25028542,ANLN,-0.17193463125278982,4.111701243401103e-05,0.00011587521685948562
cg23795893,PGR,-0.170639634695041,4.706166918276941e-05,0.0001319228705282951
cg21327887,MAPT,-0.16833906234933008,5.967585596619344e-05,0.00016552197944307337
cg18623836,RRM2,-0.16774905820571764,6.339148912984628e-05,0.0001749074071802565
cg26029744,NUF2,-0.1669796454622468,6.856575917461948e-05,0.0001881987244011691
cg01662117,FOXA1,-0.1666428844921977,7.095365923028978e-05,0.00019374392960809695
cg15173196,UBE2T,-0.16551404934758612,7.954296346471971e-05,0.0002160780502366355
cg11183072,GRB7,-0.16436255277188302,8.930853681644307e-05,0.0002413620456526436
cg23467008,ESR1,-0.16423082059530034,9.049508260184253e-05,0.00024332096189372967
cg18229134,FGFR4,-0.16403507155699903,9.228570530795736e-05,0.00024687597308270824
cg01408486,CXXC5,-0.15998123068650957,0.000137781355082966,0.00036672108145819737
cg07368544,ORC6,-0.1595660625097757,0.00014347724209593543,0.0003799623446460199
cg14933485,PGR,-0.15799885980051756,0.00016703340917757485,0.00044013303318290976
cg01098785,MDM2,-0.1576142206733848,0.0001733455897764244,0.0004544931632446551
cg10832291,MYC,-0.1575079069566021,0.0001751293365270273,0.0004568968334145712
cg23676114,BAG1,-0.15741800092286493,0.00017665121294999902,0.000458596991254431
cg16121177,EXO1,-0.15729770032873197,0.00017870699809679897,0.0004616597450833974
cg21467513,SLC39A6,-0.15652754789463202,0.00019240885455763974,0.0004946315431798836
cg19725553,BLVRA,-0.15576048871225376,0.00020702965167868293,0.0005296341089061451
cg03292648,EXO1,-0.15167981724530874,0.0003039368350624693,0.0007737908796034847
cg14577472,MYBL2,-0.1491188065535514,0.00038488100214720055,0.0009658680387217843
cg01886741,BIRC5,-0.1487661758572779,0.00039748331220947584,0.0009880835166716686
cg21826946,GPR160,-0.1471794049686499,0.0004590952193574957,0.001130575610286917
cg05650674,CDH3,-0.14680007816512614,0.0004750857170351778,0.001159121170729346
cg04706276,EXO1,-0.14440099247653937,0.0005888362771858192,0.0014300309588798467
cg25915838,PGR,-0.14242743063349392,0.0007008491100410491,0.0016865181780439857
cg25986496,BIRC5,-0.1411649804634256,0.0007825358328305139,0.0018745290177349127
cg14772925,PGR,-0.1408079116233775,0.0008071901915779149,0.0019248381491473357
cg22082347,UBE2C,-0.14023902228499582,0.0008479592278402378,0.002012948257080204
cg13085338,CENPF,-0.13903628532207676,0.0009404965090395661,0.002222608341990365
cg07998951,ACTR3B,-0.13595036326206797,0.00122225837995518,0.002875581099269553
cg00000321,SFRP1,-0.1350942049811843,0.0013131928241045736,0.0030757894146804902
cg14339556,MELK,-0.13441812774618553,0.001389356086667839,0.003239781671123677
cg14094960,EGFR,-0.13388588671624568,0.0014521509875940583,0.0033712932619474395
cg23906291,ERBB2,-0.13218567418295457,0.00167063585961335,0.0038615135877905064
cg21164723,CENPF,-0.1319680706487934,0.001700677929649854,0.0039055942430244934
cg16527491,FOXA1,-0.13155525603315213,0.0017590363954046206,0.004013039741897121
cg21919602,EXO1,-0.13027653266924358,0.001951654615688133,0.004395393087468573
cg07140595,CENPF,-0.12991912760618224,0.002008843835518699,0.004504939154546189
cg20440575,CCNB1,-0.1280263937755168,0.002338094207439533,0.0052210832513586184
cg23613219,ERBB2,-0.12705827323122826,0.002524912506358754,0.005614467893886343
cg20777956,BCL2,-0.12476751859750353,0.0030223842659011,0.0066644205361082835
cg14951488,CEP55,-0.12420353811511496,0.003157817337546454,0.006934040570362423
cg14430582,MYBL2,-0.12189368601423892,0.0037719758420624526,0.008146849462159478
cg01661001,UBE2C,-0.1216864381488852,0.0038320583815850567,0.008242835784062551
cg16487280,MYBL2,-0.12155759749021623,0.003869845949866008,0.008290279738127586
cg11993754,ERBB2,-0.12026999783875848,0.004266453179612592,0.009102918322493263
cg17736920,EXO1,-0.11997492852234964,0.004362366940707227,0.009270029749002857
cg02405476,UBE2C,-0.11954940467680832,0.004504119856362478,0.009532815920895688
cg04298819,NUF2,-0.11905905703431668,0.004672619076383629,0.009818730765261215
cg27332026,SLC39A6,-0.1190480289194828,0.004676473286680389,0.009818730765261215
cg25152498,ACTR3B,-0.11872686869724745,0.004789982041029295,0.009977551524199362
cg08290421,MYBL2,-0.11453631954957953,0.0065165021342373924,0.01346743774409061
cg03133371,SFRP1,-0.1142300876291315,0.006662268387711769,0.013714904063766024
cg21298408,NAT1,-0.11301800366644471,0.007268328085320364,0.014904314789742535
cg17428694,NUF2,-0.11295607138740812,0.007300580008391715,0.014912425055900907
cg00290373,CCNB1,-0.11238563542316558,0.007603716487093375,0.015471654782618567
cg04904099,CDH3,-0.11017779338450288,0.00888581115402757,0.01801085568527896
cg16932672,NDC80,-0.10963654157780854,0.009228131350560297,0.018633046826610253
cg23384185,TYMS,-0.10616127326848174,0.011719417467167946,0.023414622842540294
cg21803052,MYC,-0.10614856403858172,0.01172952643345472,0.023414622842540294
cg10263401,UBE2C,-0.10564523818777949,0.01213612645083602,0.02410756975352124
cg01964683,NUF2,-0.10560623631824503,0.01216814716211888,0.02410756975352124
cg24525646,SLC39A6,-0.10448338594326896,0.013122605339551051,0.025901172336866684
cg09126741,ACTR3B,-0.10066543913886022,0.01687983529755944,0.03294693778449565
cg22152050,BCL2,-0.09982064519582369,0.017828433367102985,0.034542589648762036
cg07163735,MAPT,-0.09952900535414977,0.018166557749759723,0.035068776315470236
cg26605086,CCNE1,-0.09903509374771789,0.01875197662664213,0.03593560611723783
cg17423498,EXO1,-0.09889112305345368,0.018925689654638037,0.036137095826066105
cg21070864,BIRC5,-0.0975563176909387,0.020604212399620857,0.03905906451295033
cg16836589,CCNE1,-0.09671085130187568,0.02173311505156248,0.04090482725776224
cg00459289,ACTR3B,-0.0966091102180729,0.02187251802324466,0.04102070106138767
cg10379951,CENPF,-0.09342884398055235,0.026638960889295623,0.049782738966875156
cg03278924,SLC39A6,-0.09315186346225514,0.02709356045579398,0.050275726620434606
cg01745690,BLVRA,-0.09296364581945012,0.0274062734479195,0.05067756528790728
cg27045396,MYC,-0.09198745592284409,0.029078446154714204,0.053394916806740016
cg23850277,MMP11,-0.09180293673318457,0.029404172040773616,0.05380555092183228
cg00615260,CDC20,-0.09126370226456959,0.03037406498801605,0.05538800086049986
cg09145139,CEP55,-0.09000932144681874,0.03273682350338623,0.059031326518888524
cg04747517,GPR160,-0.08996655387953614,0.032820073377674265,0.059031326518888524
cg27475126,CCNE1,-0.08983206467424495,0.03308304452224346,0.05930191994293301
cg04504095,FOXC1,-0.08923224281864629,0.0342779039326968,0.06123544194078377
cg17750334,CENPF,-0.08839955290408594,0.03599747298479839,0.06409009548307011
cg08500763,GRB7,-0.08716487475491025,0.03868189085345772,0.06817844976512447
cg11843735,CDH3,-0.08698122974508514,0.039095312040935644,0.06844926726104016
cg07545636,RRM2,-0.08549424984678318,0.042582656334876894,0.07412148662460162
cg19722181,MDM2,-0.0848595952870141,0.04414906197607642,0.07603449562546494
cg23645091,KRT5,-0.08475186943357585,0.044419700225789276,0.07625140722798354
cg05515713,RRM2,-0.08375913736471899,0.04698007584809,0.0803847401686475
cg00309178,EXO1,-0.08295112621932958,0.04915441036520821,0.08356249762085396
cg21784134,PTTG1,-0.0828371466178453,0.04946780024668714,0.08382485765274639
cg09378441,ANLN,-0.08005987728397974,0.05763594654963451,0.09735302510146598
cg05953180,MDM2,-0.07972775619151316,0.05868365115602942,0.09880601967804316
cg16720880,BAG1,-0.07937398233699472,0.0598169603797578,0.10039343350360623
cg21796667,NDC80,-0.0777689209164471,0.06518842253003047,0.10906126562960652
cg14001558,CEP55,-0.07605082131885225,0.0713714925151116,0.11865229197307196
cg22418565,MMP11,-0.07228330796642773,0.08661304192174199,0.14353796570049693
cg03187894,ANLN,-0.07219051041477682,0.08701920173762646,0.14375899472015405
cg03076047,MYC,-0.07071301200544788,0.09369485689279641,0.1543037174453241
cg17160660,MYC,-0.07049413082383649,0.09471776069233173,0.1554900808553799
cg05407825,NDC80,-0.07043293823542901,0.09500532454541238,0.1554900808553799
cg23187103,MYC,-0.06995590502426119,0.09727104177360925,0.1587053839464151
cg26111030,ERBB2,-0.069651219729674,0.09874058037488548,0.1601116487925066
cg12007257,CEP55,-0.06958579073129985,0.09905844733131397,0.16013436117669466
cg13853156,UBE2C,-0.0692548800416809,0.10067857236261775,0.16225568084128303
cg16357661,EXO1,-0.06856985927453027,0.10409929631148133,0.1672571010858252
cg20839219,SLC39A6,-0.06779742052394036,0.10806631745766432,0.1731031893622769
cg19222480,UBE2C,-0.06772560328831487,0.10844113309378844,0.1731772034558379
cg14810343,CXXC5,-0.06682129787193695,0.11324901037806352,0.18007808152768037
cg16740744,CCNE1,-0.06672191034922678,0.11378747846056463,0.18007808152768037
cg00190596,ORC6,-0.06611852452968789,0.11709981795485896,0.18476528162338526
cg14552260,MELK,-0.06475951111022049,0.12483655193415387,0.19595225913584213
cg24603464,MLPH,-0.0634233608556526,0.1328250287047901,0.2064861065705734
cg19731367,CEP55,-0.06334461742595462,0.13330785508691137,0.20662717538471265
cg14313868,NDC80,-0.06242390432653118,0.13905432821437066,0.21302799700282948
cg11408622,FGFR4,-0.06218525323174199,0.14057443566272482,0.21473254375146664
cg02807146,NDC80,-0.0620569505298942,0.14139692083224925,0.2153646742155935
cg11692852,MLPH,-0.06124665306801483,0.1466767762822313,0.22174053021042145
cg04732910,MDM2,-0.05996080177622584,0.1553621851460199,0.23194297895737248
cg16751451,EGFR,-0.059028926072763235,0.1618960809159711,0.23966077146830553
cg16402873,CEP55,-0.058134640102179516,0.16835890318375624,0.24817839675772604
cg18038749,UBE2C,-0.05810290064973081,0.16859177616558998,0.24817839675772604
cg17322050,NDC80,-0.05551801812403429,0.18837637727820294,0.274238538192301
cg17299732,MYC,-0.05496654513773779,0.19280996471420672,0.2791506906713927
cg12954646,SLC39A6,-0.05394140117040576,0.2012539822320918,0.28906695750920247
cg10302505,MYC,-0.05358372712893386,0.20426251282748611,0.29172451018993273
cg06636316,CCNE1,-0.05143916226136067,0.22298725593563018,0.3158986125754761
cg02202600,CDH3,-0.05096011171211348,0.22733228608822417,0.32033185766977046
cg15997773,BLVRA,-0.05062678021679929,0.2303909317272403,0.323776056054015
cg01177235,BAG1,-0.04997370063590531,0.23646791413393586,0.3305532911103029
cg07871324,MYC,-0.04964991787416679,0.2395223049881443,0.33393718182209536
cg21614231,BAG1,-0.049514957956657085,0.24080360127631983,0.334837725257574
cg13425515,NDC80,-0.048234217254669164,0.25320274502728785,0.35017078258981504
cg15387598,UBE2T,-0.04817120906199024,0.2538239828260139,0.35017078258981504
cg07639959,EXO1,-0.04801103241848845,0.25540802776544425,0.3514361113117209
cg07321681,CEP55,-0.0476464994275467,0.2590385337351984,0.3555034043709624
cg15465092,MYC,-0.04734853859322409,0.2620323904643268,0.3583243300043942
cg11808746,CEP55,-0.04730677969498117,0.2624538735895563,0.3583243300043942
cg07333223,NDC80,-0.047103835484196784,0.2645088888035778,0.36019685891339925
cg11950805,CDC20,-0.0451055948719804,0.28533396597446586,0.38458540767404314
cg12504957,MDM2,-0.04474301197451538,0.28922808226254826,0.3888346922254156
cg03907454,KIF2C,-0.04282909609401656,0.31037309059617596,0.4140927056814803
cg25149125,KRT5,-0.042545458360057464,0.31359120483802316,0.41732970946878334
cg18691055,MKI67,-0.04209841624166957,0.3187075825250327,0.422139444821783
cg26619047,CXXC5,-0.041772817875659625,0.3224681597973051,0.42591659201298193
cg18639038,RRM2,-0.0399375109356535,0.3442029484545568,0.4501115479790358
cg17779456,RRM2,-0.03957136407424826,0.34864815720956965,0.45255561292966306
cg04158730,EXO1,-0.03917220011294404,0.3535354593331893,0.4566499683053695
cg13912011,MELK,-0.03859799845095333,0.3606412467055232,0.46355594393612376
cg27052442,ERBB2,-0.03817119695796177,0.36598043592105783,0.4692741842588747
cg04849878,FGFR4,-0.03740481022160997,0.3756904697484384,0.48055552805200735
cg06979550,CCNB1,-0.03674043354747153,0.38423517501021076,0.490295247531189
cg21869951,CDC20,-0.03628518758756088,0.3901581027759705,0.49545378352514813
cg16993579,UBE2T,-0.03574393578086652,0.39727157517913203,0.5032743272101023
cg00116688,PTTG1,-0.03519676644913934,0.40454153867822,0.5112551340130023
cg12333398,CXXC5,-0.03361174392018012,0.4260441691204469,0.5371418113073577
cg16167877,KRT5,-0.03349937818915934,0.4275933705211229,0.5378083681733455
cg22555539,BLVRA,-0.03314782340652819,0.43246138405156465,0.5413471482070655
cg09875273,ERBB2,-0.032747112819363114,0.4380488962061355,0.546422217202287
cg05240479,MLPH,-0.03238022626732876,0.44320088394242474,0.5482790277879293
cg16286275,ANLN,-0.03211904823065329,0.44688941255662756,0.55154735460736
cg01203549,MYC,-0.03186042548887835,0.4505589551868335,0.5547770312697693
cg22431438,UBE2C,-0.03174308365726179,0.4522294895508451,0.5555359929913645
cg27185377,PTTG1,-0.03082384993909656,0.4654362856791142,0.5677891725761417
cg19934709,MMP11,-0.030069298252810392,0.47643491439908,0.5798642029753237
cg00134212,TYMS,-0.029269020236725212,0.488253567202861,0.5928793316034741
cg12401425,EXO1,-0.028527581247954924,0.4993424488761079,0.6015485847373713
cg27294629,FGFR4,-0.02820830387459366,0.5041582946533284,0.6038441392779638
cg12878260,CXXC5,-0.02800663731125953,0.5072126931645282,0.606124919042418
cg14868726,NDC80,-0.02765770506813156,0.5125203550590332,0.6110819618011549
cg17537403,GPR160,-0.02659396269888096,0.5288775245295533,0.6291612989324482
cg21934237,NUF2,-0.02625881559929533,0.5340854312064804,0.6325011735861016
cg26661543,NDC80,-0.025776335575313218,0.5416278485615125,0.6383746596969372
cg09139144,ANLN,-0.025764567769850238,0.5418124702457855,0.6383746596969372
cg17733331,CDH3,-0.025709359951078207,0.5426790275981553,0.6383746596969372
cg14824386,SFRP1,-0.025323981133316326,0.5487471602548287,0.6426438965650995
cg18301624,SLC39A6,-0.02475428485970288,0.557778284547282,0.6494323616482888
cg24741598,EXO1,-0.024632504884311717,0.5597181196026572,0.6497168480850227
cg10896886,ACTR3B,-0.024169660284302112,0.5671204048047935,0.6547843070978437
cg25582403,ERBB2,-0.024140879594369797,0.5675822356520943,0.6547843070978437
cg10717074,UBE2T,-0.024126623738608938,0.5678110594757393,0.6547843070978437
cg10556830,CCNB1,-0.0238953023055081,0.5715301902902582,0.6576340835872623
cg00455333,KIF2C,-0.02351604274658697,0.5776527180532033,0.6617890922044307
cg04780909,FOXC1,-0.023343156873185153,0.5804538589980806,0.6635557129978058
cg08797454,MDM2,-0.023165563877598147,0.5833378563158957,0.6654091997369633
cg03843031,UBE2C,-0.022397227047769627,0.5958912458892722,0.676798893499238
cg00277996,NDC80,-0.021960338864381222,0.6030836308136809,0.6820280545897207
cg26188124,TYMS,-0.020400331327606158,0.6290774272875322,0.7083841969669434
cg07122178,SFRP1,-0.019018320254033973,0.6524960925294356,0.7300752457813431
cg08992911,MLPH,-0.018392340248006164,0.663218847065596,0.7405007042448498
cg02122913,SLC39A6,-0.01779655306856623,0.6734887661934068,0.748794472117986
cg12339809,SLC39A6,-0.017065200770192784,0.6861788159494833,0.7581053165731189
cg24088685,CCNB1,-0.013466135147395463,0.74986022828355,0.8198679259448773
cg10827253,PHGDH,-0.013065021092614511,0.7570734891761463,0.8243341504046056
cg16353632,KRT5,-0.01290430649229155,0.7599696027057485,0.825781403352432
cg06575065,CDH3,-0.012542933997674146,0.766493830672922,0.8311568904622014
cg07332178,BLVRA,-0.012442403316718987,0.7683117759072464,0.831417465920162
cg11951604,SLC39A6,-0.011828325605359449,0.7794437045482412,0.8382996577488226
cg21246624,MMP11,-0.011664921220930663,0.7824135997728349,0.8389336860256259
cg12105108,NDC80,-0.011212499534331127,0.7906528152522115,0.8434697037204767
cg01052743,MYC,-0.010682410331675933,0.8003361680018259,0.8503571785019401
cg13361393,MMP11,-0.010410473158577162,0.8053157593763008,0.8539263685941861
cg22566740,KRT5,-0.009191059534202017,0.8277393178463118,0.8679669913835363
cg14455307,BCL2,-0.009153133578309904,0.8284390828575308,0.8679669913835363
cg23572376,FOXC1,-0.007016032861630378,0.8680736724944411,0.9005409948908868
cg00251536,KIF2C,-0.006649549777211906,0.8749067022866974,0.905846428497229
cg07719884,CDC20,-0.006475319011757181,0.8781585100552082,0.9074304603903818
cg08124804,ORC6,-0.005831586430630939,0.8901903765430849,0.9180632650454124
cg11815762,FOXC1,-0.003441242540388117,0.93506717548193,0.9568551485028681
cg26095266,RRM2,-0.002837520497836001,0.946439911993506,0.9614777243200066
cg06261370,TYMS,-0.00281405213151269,0.9468822370438015,0.9614777243200066
cg12461368,BCL2,-0.0021410009036329706,0.9595741308189242,0.9706248885634798
cg17475304,FGFR4,-0.0019091415137109731,0.9639488916085369,0.9731821185396532
cg14420645,MMP11,-0.0012362920196391895,0.9766499839619973,0.9803705553294716
cg14279528,MELK,-0.0010867400233553954,0.9794739286201616,0.9813360463551808
cg23836594,GRB7,-0.0005499263604356428,0.9896122794452684,0.9896122794452684
cg19034028,CDH3,0.001517710681710988,0.9713368607522139,0.9768979496496503
cg14431547,MELK,0.0015646474143576105,0.9704508225042615,0.9768979496496503
cg16445842,BCL2,0.002396395904480925,0.9547567062898697,0.9676092004130026
cg20589264,CEP55,0.002973623573590678,0.9438750090956901,0.9614777243200066
cg03076319,MLPH,0.003286378220495321,0.9379832967183706,0.957979064671669
cg14085673,CEP55,0.0035525323577665704,0.9329721036100143,0.9565686743238863
cg03869498,FOXC1,0.004067693258634443,0.9232802682252151,0.9484770006914003
cg27417609,CDH3,0.005509484783958558,0.8962203675790019,0.9224768236604179
cg24371383,CEP55,0.007922624594498235,0.8512136063624128,0.8847920523727645
cg05642551,CDC6,0.008574493772544595,0.8391319887883827,0.8739576246867147
cg25325612,ORC6,0.008862233427265078,0.8338109056934094,0.870135341188964
cg08263040,CDC20,0.008949315187691119,0.8322020122171767,0.870135341188964
cg12354270,UBE2C,0.009617121336564482,0.8198876233430717,0.8624366816403171
cg05927173,MYC,0.009702118514308508,0.8183233753274725,0.8624366816403171
cg05945943,BCL2,0.010050849023628544,0.81191311542975,0.857471366395748
cg03003858,MYC,0.01031276675093312,0.8071068514033483,0.8541070495774389
cg20020464,FOXC1,0.010962416857092176,0.7952172599954637,0.8466252444800189
cg11613243,CCNE1,0.011533256288950596,0.7848089320884888,0.8389336860256259
cg12222323,ERBB2,0.011617648265270812,0.7832733840518825,0.8389336860256259
cg23265604,UBE2C,0.011992469680417336,0.7764635947191715,0.836802278971377
cg24711708,CENPF,0.012028983499653895,0.775801114074058,0.836802278971377
cg05598205,ORC6,0.013244564181678239,0.7538421021042011,0.8225150886312919
cg00881254,TYMS,0.014151828360572554,0.737580051192292,0.8081178523458168
cg06353098,KRT5,0.014780968862924704,0.7263710661513112,0.7974948997119604
cg26235537,MKI67,0.01594174519379289,0.7058444277315206,0.7765762284227794
cg20489749,SLC39A6,0.01613278710990902,0.7024860253550461,0.7744981911341199
cg04254916,KRT5,0.017107901092872732,0.6854354281039158,0.7581053165731189
cg00164542,SLC39A6,0.017171178263962233,0.6843343677449713,0.7581053165731189
cg26267341,BIRC5,0.018135264132092068,0.6676426148169546,0.743863970419736
cg12276329,KIF2C,0.01947060745142822,0.6447927837403816,0.7229910575131513
cg09468767,PTTG1,0.019856188002998036,0.6382554706180182,0.7171868507797348
cg03603808,CCNE1,0.021505092904470568,0.6106193960297012,0.6890715668258084
cg17241550,NDC80,0.022208538692746096,0.5989927935872013,0.6788584993988281
cg27207274,MYC,0.02299126586754078,0.5861748052902243,0.6672011282677066
cg06250734,ORC6,0.023691013202670794,0.5748242801689905,0.6599834327866186
cg01581867,BLVRA,0.024725235191359985,0.5582407207337283,0.6494323616482888
cg18785410,MKI67,0.025026625500417527,0.5534520087949035,0.6467166488579028
cg23867624,FOXC1,0.02548086279128849,0.5462728918809445,0.6411710779983469
cg07314148,MKI67,0.026328951719854683,0.5329934411444885,0.6325011735861016
cg00930833,SFRP1,0.028383139841472196,0.5015181194434911,0.6020502253911613
cg18418962,NDC80,0.028486629284943762,0.49995878579690445,0.6015485847373713
cg18491230,ANLN,0.028599600217388357,0.4982595230309487,0.6015485847373713
cg00148881,KIF2C,0.029025124062929654,0.4918865696389055,0.5959177521832257
cg01651593,CDC20,0.030827884615255298,0.4653778554830452,0.5677891725761417
cg00748373,CDH3,0.031640401149021974,0.4536941864837134,0.556039154132365
cg26221243,MYC,0.03256064353622689,0.4406630783889411,0.546422217202287
cg20629097,EXO1,0.03261222014645606,0.4399391157282173,0.546422217202287
cg14750501,CCNE1,0.03265834994387093,0.4392921850580768,0.546422217202287
cg14904908,SFRP1,0.03338721419194649,0.4291430486960075,0.5384723491971332
cg14213824,BAG1,0.036376035045735076,0.3889717419423091,0.49514035749661084
cg10340053,MYC,0.038615414803038546,0.36042441235609957,0.46355594393612376
cg19972619,MYC,0.03939841095624381,0.35076048884085126,0.4541788147890138
cg00242976,UBE2C,0.03959953956275677,0.3483048060845781,0.45255561292966306
cg04074793,MKI67,0.03983301282314226,0.34546791412721506,0.4506475018441642
cg02836840,MMP11,0.04034467700467256,0.33930231103717357,0.4448067609865435
cg04817183,RRM2,0.04080866476292713,0.33377246827113344,0.4386486054336342
cg03331258,KIF2C,0.04095142505434373,0.33208276980422335,0.43751904921706425
cg12430567,PTTG1,0.04208974168792829,0.31880739855610934,0.422139444821783
cg09885951,CENPF,0.044241434483381914,0.29467359610833915,0.3941446323581085
cg23188547,CDC6,0.04453038454095002,0.291528219409566,0.3909296988011229
cg12057615,MYC,0.045105258648967174,0.2853375605323546,0.38458540767404314
cg06713297,EXO1,0.04524640506992027,0.2838312489608283,0.38452202622713755
cg22632017,ERBB2,0.046873320986327696,0.2668564676179096,0.3624571093676246
cg23843505,MYBL2,0.04943244882921096,0.2415893023549219,0.3350462166869575
cg11995300,CCNE1,0.04999690002381805,0.2362501230448326,0.3305532911103029
cg10985576,UBE2C,0.05132148420673089,0.22404907405994914,0.31655190892652335
cg13890999,NDC80,0.05176509685038386,0.2200650858543944,0.31259919203575703
cg07000989,SLC39A6,0.05224717340675009,0.21579342197909704,0.3073598199540112
cg25844639,CDC20,0.053869852913190845,0.2018532075206575,0.28906695750920247
cg13305312,CDC20,0.053887202020673416,0.20170778764517808,0.28906695750920247
cg16604136,NUF2,0.054770325387217954,0.1944057843358595,0.2806899954657478
cg01288067,MELK,0.0554484199602961,0.1889317421582161,0.2742893336566939
cg23707289,BCL2,0.05589404994202843,0.1853965599389047,0.270648163678124
cg09238957,ORC6,0.05642353394325981,0.18125988088325715,0.26534432562632365
cg26607641,CDC20,0.05694905051293511,0.17722215506542063,0.26015619977570104
cg18419020,TYMS,0.059085008071369655,0.1614970993297582,0.23966077146830553
cg12269116,KIF2C,0.05989295197215643,0.15583107339080202,0.2319858069970414
cg15778350,NUF2,0.06003127411979842,0.1548763051009853,0.23187446814835014
cg02890457,KIF2C,0.06018573497207534,0.15381538324868274,0.2309421851055721
cg09999250,CCNB1,0.06080035064025603,0.1496483932241766,0.22532772351183164
cg17565113,KRT5,0.06122116736361215,0.14684524676174018,0.22174053021042145
cg13395333,UBE2T,0.06173982498381759,0.14344567659053356,0.21785553764614177
cg11823214,NUF2,0.062426257887623786,0.13903940012988958,0.21302799700282948
cg24549639,MDM2,0.06317287471079779,0.13436561801220756,0.20704877395448357
cg23873448,UBE2C,0.06327064836304447,0.1337626396851585,0.20672407951342675
cg03813215,BCL2,0.06343257336621505,0.13276862925115934,0.2064861065705734
cg09752703,BCL2,0.06429727171163471,0.12755677596684092,0.19947305915289365
cg13849825,CCNB1,0.06474290169336704,0.12493350867104927,0.19595225913584213
cg07718463,CCNE1,0.06678074937654167,0.11346845431236409,0.18007808152768037
cg06166767,SFRP1,0.06977279797125724,0.09815208636795483,0.15964860961701297
cg03639675,ORC6,0.07662872143398845,0.06924033979195586,0.11547360465304031
cg16003390,BCL2,0.08320968171650188,0.048449661383027094,0.08263097588626304
cg21840888,SLC39A6,0.08522574214841934,0.043239551011794684,0.07471227338759279
cg16168723,NDC80,0.08541288387758202,0.042780820610792025,0.0741628041509454
cg07447902,CDC6,0.08548039745863818,0.04261633860959068,0.07412148662460162
cg15434599,MDM2,0.08706380611713392,0.03890895552552095,0.06835006520649846
cg06881186,BCL2,0.08722458796205954,0.03854826534867533,0.06817092563339563
cg04021430,ORC6,0.08762650895207222,0.03765899279498935,0.06682252256888682
cg23995744,CDC20,0.09070133565264452,0.03141463615104431,0.05689179811546513
cg24675094,UBE2C,0.09113304600162922,0.03061315309843431,0.05563148856163753
cg17173732,BCL2,0.09268303409261008,0.027878258602383115,0.051370077914181474
cg13736875,UBE2C,0.0931631605554996,0.02707488908077454,0.050275726620434606
cg03394237,MYC,0.09725143066254359,0.02100528980935033,0.03967665852877285
cg08554462,BCL2,0.09760991163924725,0.020534402350201465,0.03905906451295033
cg10836034,MYC,0.09932081606435901,0.018411343643649783,0.03541159890585195
cg26441142,MYC,0.10003959362203772,0.01757821340313861,0.034183462964775084
cg08428512,MYC,0.10166153343784937,0.015818352779994757,0.030989858420287127
cg21874706,KRT14,0.10314305024057074,0.014347905358800631,0.02821397807495497
cg16617518,FOXC1,0.10939661283556906,0.009383595930002986,0.01887463761492967
cg18423859,BCL2,0.11813968882694617,0.005003958552966199,0.01038222896619365
cg23614125,PGR,0.1189841465469695,0.004698856034084971,0.009826575912550714
cg24666276,MYC,0.12256431643642338,0.003583361544176296,0.007771323184283571
cg01074584,SFRP1,0.1225979387377462,0.0035741345252570163,0.007771323184283571
cg03575666,SFRP1,0.1234694960326357,0.003342347741689179,0.00730878531066472
cg00611675,MYC,0.12541051148800067,0.0028744382842356216,0.006364827629378876
cg15639974,CENPF,0.1305137716273772,0.0019145207960132211,0.004330268066519175
cg23935746,CCNB1,0.13067320858024992,0.0018899297143517397,0.004293073101135202
cg01807412,CDC6,0.13194043311710607,0.0017045287967659079,0.0039055942430244934
cg25080152,MYC,0.14383869310921693,0.0006189276349648727,0.001496214970763706
cg15345369,RRM2,0.14708754884143602,0.00046292078490737604,0.0011346942030055218
cg17919667,FGFR4,0.14839088372991288,0.00041131716678215435,0.001017672051146457
cg24247425,BIRC5,0.14900576837650414,0.0003888796202742201,0.0009712775349976966
cg04404789,ORC6,0.14937924489959775,0.00037581364730064723,0.0009476257996528282
cg05877143,BCL2,0.15118382105619485,0.0003182510005855614,0.0008063378716759177
cg16327647,CENPF,0.17036225070912797,4.843657884614873e-05,0.00013505860874031946
cg10289325,ERBB2,0.18620649122908475,8.692752582805107e-06,2.6947533006695832e-05
cg24649641,ERBB2,0.18826921941523822,6.874668880234737e-06,2.1565181546926822e-05
cg21959457,NUF2,0.19128735891578033,4.85444162027558e-06,1.541138996316404e-05
cg07935886,SFRP1,0.1954668799486144,2.971146560290124e-06,9.606099615171137e-06
cg25730573,BCL2,0.1972093220923669,2.413637897044387e-06,7.900541439393737e-06
cg23359714,SFRP1,0.20871998419482862,5.836336201959799e-07,2.0369199857170954e-06
cg02330892,ERBB2,0.21268512943442852,3.511663494412712e-07,1.2504369334834455e-06
cg10394385,ERBB2,0.21473178616054972,2.6913167567848733e-07,9.714547471408412e-07
cg23850750,FOXC1,0.21491159822802405,2.628806979437404e-07,9.55435364250698e-07
cg09410389,SFRP1,0.22427023131201884,7.522191252980709e-08,2.8726049205223433e-07
cg23946695,FOXC1,0.23116609806872157,2.8870501004836605e-08,1.1526328810264311e-07
cg16688583,PGR,0.23307154112928707,2.2039340666562985e-08,8.934409639445149e-08
cg00368577,KRT5,0.2667836139966144,1.250887184515187e-10,6.462917119995134e-10
cg00173799,PGR,0.38940529007909447,7.94138651254179e-22,8.541042228794947e-21
