"cpg","logFC_M","delta_beta","t","P","adj_P","gene","significant"
"cg20627916",-0.606809824249506,-0.0666905041549061,-7.84572665264559,2.17527586532679e-14,5.32942587005064e-12,"ESR1",FALSE
"cg19411146",-0.897291424245778,-0.0503829862800571,-7.71137286362497,5.67411994126044e-14,6.84411808332435e-12,"ESR1",FALSE
"cg21950534",-0.520248283694333,-0.0500876616362783,-7.6561983735289,8.38055275509104e-14,6.84411808332435e-12,"ESR1",FALSE
"cg07671949",-0.611462586983284,-0.0778047291557284,-7.01583446767758,6.58538524271121e-12,3.97404107713291e-10,"ESR1",FALSE
"cg23164938",-0.588695424793523,-0.051377939878448,-6.98411262251994,8.11028791251614e-12,3.97404107713291e-10,"ESR1",FALSE
"cg12413918",-0.425671725728974,-0.0342797116097762,-6.49454180679676,1.83165272449791e-10,7.47924862503313e-09,"ERBB2",FALSE
"cg01387102",-0.538757412334648,-0.0287997477672466,-6.23280723736713,8.98545455187423e-10,3.14490909315598e-08,"MLPH",FALSE
"cg21608605",-0.664311504368403,-0.0761349587501947,-6.16351382319924,1.35667496958113e-09,4.15481709434222e-08,"ESR1",FALSE
"cg21614759",-0.49113686791634,-0.0263785130044387,-6.0128654549567,3.27922737431844e-09,8.92678563008908e-08,"ESR1",FALSE
"cg19449067",-0.667202243161105,-0.0856370023945878,-5.90647675350067,6.0492989062066e-09,1.48207823202062e-07,"ESR1",FALSE
"cg11813455",-0.38630003284956,-0.0226588850540064,-5.87376520115346,7.28915497711512e-09,1.62349360853928e-07,"ESR1",FALSE
"cg08884395",-0.708069974767831,-0.109546051015949,-5.80453937809505,1.07844221250485e-08,2.20181951719741e-07,"ESR1",TRUE
"cg24900983",-0.418165586737237,-0.0351728041592502,-5.7091191715231,1.83875207642569e-08,3.46534045172534e-07,"ESR1",FALSE
"cg08161546",-0.543973746269336,-0.0727605873589116,-5.56207300333628,4.12394490215397e-08,6.88524108667888e-07,"ESR1",FALSE
"cg17355719",-0.406755718746655,-0.0613398287181185,-5.55803206135191,4.21545372653809e-08,6.88524108667888e-07,"GRB7",FALSE
"cg25338972",-0.754546850162088,-0.112788619342848,-5.45223415215414,7.45278365674202e-08,1.14120749743862e-06,"ESR1",TRUE
"cg25986496",-0.280830492744666,-0.0152582832002766,-5.43869919594227,8.01105240404781e-08,1.1545340229363e-06,"BIRC5",FALSE
"cg03292648",-0.43648069273254,-0.0296851385412632,-5.40337565406194,9.66612413886742e-08,1.31566689667918e-06,"EXO1",FALSE
"cg01715172",-0.832074442998528,-0.125138191851958,-5.36874129140639,1.16088407241736e-07,1.49692946180134e-06,"ESR1",TRUE
"cg18623836",-0.481390238782078,-0.0499244370644556,-5.28833055401531,1.76923003557945e-07,2.16730679358483e-06,"RRM2",FALSE
"cg26089753",-0.832150412241598,-0.123336149403609,-5.18506653900767,3.01552945017267e-07,3.36114852826029e-06,"ESR1",TRUE
"cg15227682",-0.542212672637341,-0.0810054967445307,-5.17706282365955,3.1416036199793e-07,3.36114852826029e-06,"ERBB2",FALSE
"cg23664186",-0.423774249178319,-0.0160532166953438,-5.17620816096935,3.15536392448925e-07,3.36114852826029e-06,"FOXA1",FALSE
"cg15543523",-0.89756560686677,-0.125497170473277,-5.16213623364592,3.39049267310399e-07,3.44990801178858e-06,"ESR1",TRUE
"cg15980539",-0.423225361143911,-0.0107350255586268,-5.15476636890369,3.52031429774345e-07,3.44990801178858e-06,"ESR1",FALSE
"cg06611115",-0.671621676650262,-0.0994248011617198,-5.13996410344889,3.79574967025546e-07,3.57676411235611e-06,"ESR1",FALSE
"cg16527491",-0.311888592567696,-0.0140786537415438,-5.11967439864989,4.20738925469257e-07,3.81781617555437e-06,"FOXA1",FALSE
"cg23165623",-0.372234937427663,-0.0367028220146003,-5.00680682023006,7.41339286447673e-07,6.48671875641714e-06,"ESR1",FALSE
"cg14187895",-0.460038068940563,-0.0531547078726233,-4.94961077465458,9.83794436153175e-07,8.28499782583013e-06,"ERBB2",FALSE
"cg14070755",-0.450741419921162,-0.0511574866927859,-4.94336663132895,1.01448952969349e-06,8.28499782583013e-06,"MLPH",FALSE
"cg25742394",-0.65178365274855,-0.103785013730033,-4.83390370506505,1.72916574602219e-06,1.36659873475947e-05,"GPR160",TRUE
"cg03969725",-0.339428505631407,-0.0314693470804437,-4.79735134496736,2.06152501024571e-06,1.57835508596937e-05,"UBE2C",FALSE
"cg23009221",-0.163483584535159,-0.0128661039742035,-4.69230647280252,3.39521105937838e-06,2.5206869986294e-05,"ESR1",FALSE
"cg05616858",-0.508477394373483,-0.0726745632227516,-4.65477695150373,4.04846575698619e-06,2.91727679547534e-05,"ERBB2",FALSE
"cg27316393",-0.274280306913818,-0.0101772730430911,-4.64449986037448,4.2474409317234e-06,2.97320865220638e-05,"ESR1",FALSE
"cg12953669",-0.287543781971928,-0.0322951442971055,-4.61825119059139,4.79920145289914e-06,3.26612321100081e-05,"BCL2",FALSE
"cg19291926",-0.377470666792893,-0.0404303778732075,-4.60458855083772,5.11300737331437e-06,3.35369811194159e-05,"CDC6",FALSE
"cg19453250",-0.353114747498964,-0.0331750538881677,-4.60087478987741,5.20165421444002e-06,3.35369811194159e-05,"SLC39A6",FALSE
"cg03684977",-0.393481067906452,-0.0571561621893215,-4.58652182720292,5.55833010963714e-06,3.49177147913102e-05,"GRB7",FALSE
"cg20725670",-0.240521696987188,-0.00955223206132597,-4.51336318241145,7.77259066919134e-06,4.7607117848797e-05,"CDC6",FALSE
"cg07619683",-0.858924511877917,-0.114377011857025,-4.42316365181537,1.16778487617982e-05,6.9782266991233e-05,"ESR1",TRUE
"cg14263391",-0.527912775563827,-0.0553371453581927,-4.38656544413688,1.37477499320446e-05,8.01952079369266e-05,"GRB7",FALSE
"cg18745416",-0.514613647818923,-0.0826733420856326,-4.35147060513809,1.60590133913586e-05,9.14990297879733e-05,"ESR1",FALSE
"cg07584093",-0.709924449275506,-0.103795154368061,-4.34426546587797,1.65774331249713e-05,9.23061617185902e-05,"ESR1",TRUE
"cg10713339",-0.202432051382918,-0.0175255846219865,-4.32959603018274,1.76827725437414e-05,9.62728727381477e-05,"ERBB2",FALSE
"cg07189962",-0.751413366487122,-0.0976043286759932,-4.22787439384716,2.75245012291915e-05,0.000143478783003232,"ESR1",FALSE
"cg11603030",-0.170647780095321,-0.00238515578489539,-4.23206312572073,2.70322949008524e-05,0.000143478783003232,"MDM2",FALSE
"cg21803052",-0.0971069339606463,-0.00128887144791964,-4.19792668920244,3.13007969941114e-05,0.000159764484657443,"MYC",FALSE
"cg24967701",-0.361929750346834,-0.0224674664097482,-4.17005458611935,3.52548185264714e-05,0.000176274092632357,"GRB7",FALSE
"cg08284496",-0.387393393698852,-0.0410206699027488,-4.15813785055563,3.70866720437269e-05,0.000181724693014262,"GRB7",FALSE
"cg14579118",-0.571062700113528,-0.0708027252115542,-4.14104908814452,3.9872363076164e-05,0.000187860172185773,"BLVRA",FALSE
"cg04211581",-0.358794879311161,-0.0276096210065463,-4.14471758175252,3.9258065961884e-05,0.000187860172185773,"ESR1",FALSE
"cg05171584",-0.269839387810562,-0.0223440546460635,-4.05220976167669,5.78654282595544e-05,0.000267491130633789,"ESR1",FALSE
"cg10441070",-0.575821901494322,-0.0791235615430799,-4.02379165840501,6.5092442077905e-05,0.000295326820538643,"ESR1",FALSE
"cg01692252",-0.380203371428982,-0.0578852528343507,-4.01642685522317,6.71006563025432e-05,0.000298902923529511,"GRB7",FALSE
"cg14094960",0.823920029350967,0.0872096881234029,4.01045787303428,6.87712491766285e-05,0.00030087421514775,"EGFR",FALSE
"cg04255616",0.512135626891628,0.0740017596427701,3.96958368530799,8.13167803468078e-05,0.000349519494473121,"SFRP1",FALSE
"cg02084046",-0.24468647309547,-0.0113734726535403,-3.94074992322338,9.14400208036629e-05,0.000386255260291335,"CXXC5",FALSE
"cg05958127",0.388248690623333,0.0606293758162961,3.91298561472707,0.000102306938958951,0.000424833899066832,"PHGDH",FALSE
"cg25042948",-0.152824630776122,-0.00275055022296807,-3.90758188201645,0.000104559370823869,0.000426950764197463,"CDC6",FALSE
"cg10724086",-0.178329639087556,-0.00768031038454205,-3.89745158102581,0.000108908980446806,0.000437421314909301,"FOXA1",FALSE
"cg01321962",-0.753835372595558,-0.100648673779915,-3.87772513894187,0.000117874601164515,0.000465794794924295,"ESR1",TRUE
"cg10406295",0.681486765343218,0.0978568478404308,3.8664668024178,0.000123299752414868,0.000479499037168933,"SFRP1",FALSE
"cg15797286",-0.382875378295681,-0.0476796520927057,-3.8577307209141,0.000127671214198695,0.00048821424445711,"NAT1",FALSE
"cg16121177",-0.230825254532561,-0.013265336553852,-3.85409951177449,0.000129530989622405,0.00048821424445711,"EXO1",FALSE
"cg02433278",-0.285624251612152,-0.00880894504207298,-3.85027211643978,0.00013151893932314,0.00048821424445711,"ERBB2",FALSE
"cg27388618",0.146954739233759,0.00516214172282685,3.80122076013801,0.000159686521460586,0.000583928324743933,"BCL2",FALSE
"cg25152942",0.386871613377368,0.0293895372371592,3.73125536181329,0.000209846586263929,0.000756064906392096,"MIA",FALSE
"cg17187163",-0.256808734437335,-0.0222525849521068,-3.71706095192247,0.000221688437221894,0.000787154595932812,"MLPH",FALSE
"cg01662117",-0.143074277466481,-0.00223019795662072,-3.66958601600946,0.000266027117422739,0.000931094910979588,"FOXA1",FALSE
"cg07967228",-0.257355540098024,-0.0168226056603865,-3.6401903742562,0.000297525806533654,0.00102667355775698,"GRB7",FALSE
"cg09102997",0.497094511398427,0.0540447339082931,3.56383984465544,0.000396474127942105,0.00134911335202522,"NAT1",FALSE
"cg01495122",0.615657629842861,0.0897175781991254,3.53125742109803,0.000447455494295157,0.00150173419318238,"SFRP1",FALSE
"cg23613219",-0.110904650925987,-0.00122844398175915,-3.49193124407629,0.000517153032333799,0.00171219585029434,"ERBB2",FALSE
"cg12090740",-0.205593486395765,-0.0160786332349054,-3.42362289393512,0.000662854566328627,0.00216532491667352,"BCL2",FALSE
"cg19023552",0.164297365434412,0.0243138911979155,3.41190236213729,0.000691410052154204,0.00222888766812868,"MIA",FALSE
"cg18007957",-0.325904201599949,-0.0202754685840673,-3.40662357480888,0.000704641974671774,0.00224119908298186,"ESR1",FALSE
"cg10832291",-0.113281836214349,-0.00229302876118352,-3.40313147614552,0.00071352460601055,0.00224119908298186,"MYC",FALSE
"cg17706972",-0.618713801980908,-0.0883628457124044,-3.37688843596284,0.000783690793190014,0.00243043347255131,"ESR1",FALSE
"cg05064645",0.694967155463743,0.081629278776636,3.30269413633244,0.00101833196164178,0.00311864163252796,"EGFR",FALSE
"cg11183072",-0.480231171652405,-0.0235272095252126,-3.25748282537182,0.00119170704966734,0.00360454601442591,"GRB7",FALSE
"cg08907436",-0.656045307617751,-0.0822864743089956,-3.25054465854461,0.00122061489995853,0.00362760408902868,"ESR1",FALSE
"cg17264271",-0.345404245878872,-0.0378868782673203,-3.24857396629146,0.0012289434260791,0.00362760408902868,"ESR1",FALSE
"cg03386751",-0.214804036063423,-0.0191995991573858,-3.22903958678324,0.00131439299971469,0.00383364624916784,"ERBB2",FALSE
"cg21157690",-0.42258398003142,-0.0590127505309628,-3.22414106732533,0.00133666628199806,0.00385274398928853,"ESR1",FALSE
"cg05981907",-0.119904447981916,-0.00143627150028373,-3.18716811135276,0.00151638265180556,0.0043199273220042,"CDC6",FALSE
"cg25202618",-0.132072675225464,-0.0025893986861212,-3.1554997345332,0.00168779095322299,0.00475297452344404,"CDC6",FALSE
"cg24764793",-0.436347719010459,-0.066134302905402,-3.09473579751026,0.0020676899193362,0.00575663670724282,"ESR1",FALSE
"cg09646983",-0.584125407797852,-0.0818452514640352,-3.07283510693602,0.00222288172128305,0.0060511780190483,"ESR1",FALSE
"cg11251858",-0.158853454687863,-0.00774219649611611,-3.07461280878088,0.00220989640788184,0.0060511780190483,"ESR1",FALSE
"cg00655307",-0.161911158705865,-0.0072221986499692,-3.06023419292854,0.00231695436144348,0.00623795405004014,"ESR1",FALSE
"cg17816908",0.599422571703652,0.0819284706712965,3.0422359326917,0.00245767050373288,0.00654488340667995,"SFRP1",FALSE
"cg21919556",-0.43526901133431,-0.0732404373261618,-3.01881624187561,0.00265251192164026,0.00698780022367595,"GPR160",FALSE
"cg11117266",-0.230059125135959,-0.00437761733702701,-3.00660713962121,0.00275960742693926,0.00719259382553317,"MAPT",FALSE
"cg01892516",-0.135790640643417,-0.00185849692171269,-2.98089108543405,0.00299825086329557,0.00773233117376225,"FOXA1",FALSE
"cg09781971",-0.115027942867785,-0.002708060971663,-2.97760419689961,0.00303007723558188,0.00773300961164126,"MDM2",FALSE
"cg01194468",0.102530764903065,0.00539498751410306,2.97403447222899,0.00306499202499746,0.00774147470231316,"BAG1",FALSE
"cg07746998",-0.195925937060503,-0.0309979962244026,-2.92937123129965,0.00353403608804097,0.00883509022010242,"ESR1",FALSE
"cg11637980",0.0949014207580551,0.0104588869747134,2.91587092602714,0.00368819246985782,0.00912734500116329,"PGR",FALSE
"cg07311521",0.502189963388888,0.040157955109069,2.89381924431337,0.00395322466071962,0.00968540041876308,"EGFR",FALSE
"cg20893956",-0.31855192384362,-0.0474713803190168,-2.88257595261123,0.00409492593081906,0.00993323616881852,"ESR1",FALSE
"cg23302638",-0.161617805101329,-0.00472932757279032,-2.87770149735352,0.00415778357874544,0.00998683310581011,"BIRC5",FALSE
"cg04667586",-0.0896309029749739,-0.00112732489431695,-2.86754013464449,0.00429164825048204,0.0102082895278456,"MDM2",FALSE
"cg21777986",-0.143874557484797,-0.00743707076184974,-2.86053994520347,0.00438613495490399,0.0103327217687642,"BCL2",FALSE
"cg20034785",-0.0933381963384743,-0.00088446355371271,-2.85418461635588,0.00447355074130943,0.0104382850630553,"UBE2C",FALSE
"cg13761998",-0.273319767364986,-0.0247468676874102,-2.84568175297278,0.00459298061553504,0.0106158514226989,"GRB7",FALSE
"cg20491838",0.402131634272721,0.066855132884013,2.83000764634649,0.00482075097001358,0.0110381681089096,"FOXC1",FALSE
"cg21517947",0.693494107638504,0.0892301085949115,2.76396847539277,0.00589720727748409,0.0133779239165148,"SFRP1",FALSE
"cg22778981",-0.245242931903942,-0.011754636584702,-2.73396117706873,0.00645459293786804,0.0145080299979603,"ERBB2",FALSE
"cg00618323",-0.170354517752183,-0.0261499012388007,-2.70911289216054,0.00695164555830014,0.0154832105616685,"FGFR4",FALSE
"cg23333072",-0.203432155406969,-0.0109088349461876,-2.66868261164548,0.00783441069679815,0.0172921677541941,"ERBB2",FALSE
"cg25028542",-0.196249683522964,-0.019362049040019,-2.65946514097053,0.00804925396023009,0.0176077430380033,"ANLN",FALSE
"cg13612689",-0.122645450541057,-0.0050723762112749,-2.64604293755355,0.00837156412868983,0.0181507363852125,"ESR1",FALSE
"cg01661001",-0.148983580964956,-0.00714222408147325,-2.64076326816887,0.00850148567720154,0.0182707367624068,"UBE2C",FALSE
"cg19197419",-0.120677214468146,-0.00423600492923901,-2.62610011842415,0.00887184878025795,0.0189008952275061,"UBE2C",FALSE
"cg26612362",0.246848902240848,0.0227934043359533,2.621997565162,0.00897802680125628,0.0189622117785154,"PHGDH",FALSE
"cg23467008",-0.273900205596766,-0.00749860041668889,-2.54004834954489,0.0113512422369718,0.0237696952825478,"ESR1",FALSE
"cg21298408",-0.322605468855211,-0.0473490503089705,-2.51930309511884,0.0120343788762327,0.0249866341074322,"NAT1",FALSE
"cg23731030",-0.179289999155798,-0.00808959102153736,-2.50348980478536,0.0125794017908069,0.0258987683928377,"ERBB2",FALSE
"cg10365447",0.411138129995148,0.0509049974726108,2.49142730039512,0.0130097691041148,0.0263420944670093,"FOXC1",FALSE
"cg17740645",-0.217460487717105,-0.0208234849907283,-2.49304235476746,0.0129513999252181,0.0263420944670093,"GRB7",FALSE
"cg03015370",-0.109835835772334,-0.00484217204854101,-2.45232630433705,0.0144959411142169,0.0291107014178946,"FOXA1",FALSE
"cg15839448",0.474750221816421,0.0691305703201301,2.42411037875781,0.0156597367158469,0.0311921584990446,"SFRP1",FALSE
"cg03860890",0.28829744702753,0.0468931677461042,2.41465317642585,0.0160678499644782,0.0317469616233643,"EGFR",FALSE
"cg23795893",0.0652274618842318,0.0077343954416961,2.41066290120098,0.016242838461087,0.0318359633837304,"PGR",FALSE
"cg23024444",-0.131297327573901,-0.0139051513945166,-2.3760152826795,0.0178342121266633,0.0346776346907342,"PTTG1",FALSE
"cg01408486",-0.269830972836783,-0.0410194962437178,-2.3480574233947,0.0192165831828496,0.0370713612582532,"CXXC5",FALSE
"cg01912921",0.575295875198789,0.0673067262879177,2.32786585696117,0.0202725114545957,0.0385020566385732,"FOXC1",FALSE
"cg04706276",-0.134863201817463,-0.00573375065699323,-2.32872285792021,0.0202266833148359,0.0385020566385732,"EXO1",FALSE
"cg05724997",-0.109900168199275,-0.00635569100829575,-2.32262029550983,0.0205550023155947,0.0387382735947746,"BCL2",FALSE
"cg26791905",0.194338531019221,0.0206138312877082,2.27560194404509,0.0232445989831128,0.0431433844762322,"PHGDH",FALSE
"cg21826946",-0.0651270577282521,-0.000715330031100313,-2.27768012241785,0.0231195460598254,0.0431433844762322,"GPR160",FALSE
"cg15483228",0.266684043874186,0.0305321726957087,2.26228748040557,0.0240598448263721,0.0443207667854222,"TMEM45B",FALSE
"cg00290373",-0.195394318004192,-0.0163708281120532,-2.22750486601245,0.0263078805436601,0.0481002293522144,"CCNB1",FALSE
"cg01098785",-0.111184999801162,-0.00527902763426247,-2.18409780532587,0.0293667779650227,0.0532952637143004,"MDM2",FALSE
"cg04904099",0.243961760997965,0.0401665710601687,2.17137382889236,0.0303196702269392,0.0546199941588243,"CDH3",FALSE
"cg23676114",0.0765774456781134,0.00340696911049806,2.1570370346564,0.0314251461722458,0.0561982541036513,"BAG1",FALSE
"cg05650674",0.1801117192343,0.0169749000214919,2.14436178805588,0.0324312060379839,0.0567979628744027,"CDH3",FALSE
"cg16520312",-0.11431832091159,-0.00583074397951285,-2.14980823264768,0.0319955701635514,0.0567979628744027,"MAPT",FALSE
"cg01202278",-0.0854898753010608,-0.00517155723149312,-2.14405396473417,0.032455978785373,0.0567979628744027,"MDM2",FALSE
"cg01824511",-0.12753370866619,-0.00863274513413069,-2.08514521370135,0.0375058380076971,0.0651697185240127,"FOXA1",FALSE
"cg09276158",-0.0633006603684293,-0.000671897703351085,-2.08211203578018,0.0377830721687619,0.0651891033897653,"FOXA1",FALSE
"cg22418909",0.274786823542716,0.0433405862196155,2.0761623435509,0.0383319567566121,0.0656736322053845,"SFRP1",FALSE
"cg17736920",-0.0632292807895714,-0.000688917296185563,-2.05624717724949,0.0402189273517295,0.0684280361192619,"EXO1",FALSE
"cg24319902",0.383756542917021,0.0560697911361203,2.02405533406129,0.0434360114820629,0.0733918814696925,"SFRP1",FALSE
"cg22839866",-0.0783232856318393,-0.00505510425296342,-1.97002022397937,0.0493255548000116,0.0827723351096085,"ESR1",FALSE
"cg23384185",-0.0990870638648837,-0.00632157545613116,-1.92105881396716,0.0552287491538827,0.0920479152564712,"TYMS",FALSE
"cg11993754",-0.114756467305798,-0.00916356247347296,-1.8726374902935,0.0616363112054759,0.102033082738794,"ERBB2",FALSE
"cg13708869",-0.0639420170608421,-0.00115575871581642,-1.86689722263681,0.0624352810006371,0.102662039229236,"CDC6",FALSE
"cg24038058",0.291466447986902,0.0484344348056932,1.79663221174958,0.0729297397703254,0.119118574958198,"FOXC1",FALSE
"cg13686012",0.0829720307382206,0.00382166197110265,1.78113336142614,0.0754295062849333,0.12238562278019,"PGR",FALSE
"cg24703804",-0.068006171914776,-0.00102248022095049,-1.77798038445286,0.075946529690766,0.122413814304195,"MDM2",FALSE
"cg21467513",-0.0427572823638449,-0.000626931162096136,-1.77480683539775,0.0764698503309518,0.122451721118191,"SLC39A6",FALSE
"cg21070864",-0.0555098094418063,-0.00102951524151939,-1.71702471877835,0.0865244249693351,0.137652494269397,"BIRC5",FALSE
"cg01777019",-0.0646353406393058,-0.00228887710070789,-1.65428718982612,0.0986263343778366,0.155893238210129,"ESR1",FALSE
"cg21793948",-0.0664537135843783,-0.000336440910666487,-1.63470979062496,0.102668663423751,0.161242452171916,"BCL2",FALSE
"cg22082347",-0.0980351144381854,-0.00319728503583605,-1.62214654914311,0.105331587029606,0.163617371827449,"UBE2C",FALSE
"cg19136718",-0.0531666407637437,0.000101131073402485,-1.62128354574398,0.105516509178518,0.163617371827449,"UBE2C",FALSE
"cg11260422",-0.0860290564216527,-0.00459446687134854,-1.5778288419836,0.115166404296388,0.177457666997579,"FOXA1",FALSE
"cg02405476",-0.0514281857161616,-0.00463491426930548,-1.54858566275971,0.122043058925079,0.186878433979027,"UBE2C",FALSE
"cg23032032",-0.0813703082981171,-0.00387003036952485,-1.52511509250621,0.127791712612601,0.193342938607003,"FOXA1",FALSE
"cg00920970",-0.113491127241813,-0.00374725677619169,-1.52490909761527,0.127843085936059,0.193342938607003,"ESR1",FALSE
"cg13398291",0.201242499273073,0.0354099050661468,1.49625520881852,0.135147303414704,0.202377112274563,"SFRP1",FALSE
"cg10323697",-0.0819831212575299,-0.0049894793336359,-1.49502204977619,0.135468760869503,0.202377112274563,"FOXA1",FALSE
"cg22019649",-0.0913414634392108,-0.00210010950079256,-1.48141838759323,0.139054350010007,0.20647464092395,"CXXC5",FALSE
"cg16932672",-0.074710878972681,-0.0039057971898064,-1.4041424007543,0.160827635823912,0.23736608901722,"NDC80",FALSE
"cg04149472",-0.132282268691688,-0.0101388849972784,-1.34863454012196,0.177996411803873,0.261132460430832,"NAT1",FALSE
"cg13085338",0.0374794221444859,0.00144691678299611,1.31461663705245,0.18917384468648,0.275878523501116,"CENPF",FALSE
"cg01747547",-0.153588660579832,-0.016191528468063,-1.27667728599061,0.202242338813499,0.293191556268091,"ACTR3B",FALSE
"cg22299741",0.0742855694972085,0.00936957038243826,1.25311298093701,0.210684579003039,0.303633657974968,"PGR",FALSE
"cg23202277",-0.0506806714020465,-0.000872982375525366,-1.24027496013243,0.215390159815496,0.308599936577757,"MAPT",FALSE
"cg22733687",0.0606792104454477,0.00231215219394149,1.2229686545,0.221853011985966,0.316011557770707,"PGR",FALSE
"cg07090813",0.110894757239971,0.0231980334201402,1.2159337794257,0.224519537994606,0.316133832233785,"PHGDH",FALSE
"cg25915838",-0.120993447864799,0.00334645897977903,-1.21697869779166,0.224122022367224,0.316133832233785,"PGR",FALSE
"cg11819639",-0.0771050201289153,0.00121810084724478,-1.17433826808365,0.240755858536144,0.337058201950601,"UBE2T",FALSE
"cg27332026",-0.0285197782843824,-0.000192612365559636,-1.1526936657896,0.249525140724403,0.34735033794022,"SLC39A6",FALSE
"cg21327887",-0.06633106080289,-0.000546204915390047,-1.14412467562728,0.253057956547346,0.350277962452541,"MAPT",FALSE
"cg04173528",-0.0404851558068257,-0.0011699120862192,-1.12227295861356,0.262224610698193,0.360927132702569,"CDC6",FALSE
"cg03026462",-0.0733011705605188,-0.00341953906225689,-1.10717704232989,0.268690030228188,0.367760097239699,"FOXA1",FALSE
"cg20253551",-0.0653876304095454,-0.00149348248304659,-1.06594105733054,0.286907019993127,0.390512332768423,"ESR1",FALSE
"cg04241863",-0.0863834255897683,-0.00655433085160073,-1.05983439700058,0.289674241295667,0.392100492361539,"NAT1",FALSE
"cg00000321",0.119803399791932,0.0232939093486571,1.02940844968304,0.303729650294213,0.406632591923946,"SFRP1",FALSE
"cg01964683",-0.0246396895445407,-0.000207875155515774,-1.03044189879254,0.30324491304826,0.406632591923946,"NUF2",FALSE
"cg16581536",-0.052963203835289,-0.0013605079672481,-1.01091965303491,0.312488986474694,0.416085878729892,"FOXA1",FALSE
"cg26029744",-0.021915176720127,-0.000339643707709541,-0.994196997372147,0.320553908813941,0.424517338699544,"NUF2",FALSE
"cg22396409",0.112308718820105,0.0211023928308207,0.982765605139319,0.326144789947902,0.429599320092667,"EGFR",FALSE
"cg13906669",0.0589386655914167,0.00856911937651367,0.954986341730058,0.339994308075125,0.440733362319606,"PGR",FALSE
"cg06557887",-0.0325236947749228,-0.00122141860576587,-0.961732057979137,0.336596925055788,0.440733362319606,"CDC6",FALSE
"cg19725553",-0.149106468310495,0.000332227133050089,-0.956872329330612,0.339042245405047,0.440733362319606,"BLVRA",FALSE
"cg20440575",-0.0315734153333454,-0.000593467094602024,-0.936941437429097,0.349190267121612,0.450271660235763,"CCNB1",FALSE
"cg23641145",0.046334556792826,0.0026926487657092,0.90187294398141,0.367509881225676,0.47141319843084,"PGR",FALSE
"cg23197992",0.0786726693525842,0.01294338968625,0.889826286283495,0.373939088403995,0.477161857598848,"FGFR4",FALSE
"cg17428694",-0.0244701387563397,-0.000192392160953039,-0.883802373546292,0.377180011556803,0.478803641613559,"NUF2",FALSE
"cg15173196",-0.0508936833631978,-0.000315901360591037,-0.868272102647347,0.385615210181205,0.486988280898944,"UBE2T",FALSE
"cg24525646",-0.0245860909927763,-0.00029882465434016,-0.843742110389126,0.399171743947115,0.501523473164324,"SLC39A6",FALSE
"cg16836589",0.0431737347674598,0.00681714548367748,0.827427816107645,0.408345059206267,0.507840302058555,"CCNE1",FALSE
"cg04298819",-0.0338258145548095,-0.000535764155537449,-0.830913853245859,0.40637440075054,0.507840302058555,"NUF2",FALSE
"cg17423498",-0.0286634246958848,-0.000421559732506797,-0.80058467478381,0.423709699855121,0.524287254871235,"EXO1",FALSE
"cg18509990",0.129369231425628,0.0172393702343155,0.781383506210081,0.434905299046733,0.535436172193214,"NAT1",FALSE
"cg26605086",0.0286161685289388,0.00132806919894671,0.712937677714855,0.476179595991249,0.58332000508928,"CCNE1",FALSE
"cg04391064",-0.0657997593388849,7.90769040135975e-05,-0.688792419960487,0.491237539824974,0.598772125657307,"BLVRA",FALSE
"cg09383389",-0.0495630910051169,-0.00828617666799292,-0.683764903876893,0.494404846225653,0.599649442204381,"GPR160",FALSE
"cg23699933",-0.0197415019862522,-0.000173897981912946,-0.670552880819878,0.502780275825708,0.603829252829894,"BCL2",FALSE
"cg14604802",-0.0163077624126611,-0.000110807366432882,-0.672244904371384,0.501703477887652,0.603829252829894,"BCL2",FALSE
"cg07163735",0.0312767974446574,0.000685136447984361,0.666620883263755,0.505287308229866,0.603879953738132,"MAPT",FALSE
"cg22152050",0.0327243068257833,0.00123254500863931,0.660443119352583,0.509239531148996,0.604562955576302,"BCL2",FALSE
"cg21164723",0.0550117754795887,0.00078124064594897,0.658020209851459,0.510794007364468,0.604562955576302,"CENPF",FALSE
"cg26705960",0.0564150864449226,0.0100017256299233,0.642119032246601,0.521057167684601,0.613745221551573,"PGR",FALSE
"cg07368544",-0.0163518928836871,-9.86092718459966e-05,-0.625677089432414,0.531780213684587,0.623378719391023,"ORC6",FALSE
"cg26399396",-0.028690216433221,0.000662155268005692,-0.576788848901972,0.564312557443625,0.658364650350896,"UBE2T",FALSE
"cg07111678",-0.0145808894026347,-0.000279462333297262,-0.524885670540904,0.599869213961302,0.696530603888716,"BCL2",FALSE
"cg13448401",-0.0118819912181489,-0.000150693904638257,-0.498725305328535,0.618167634370758,0.714391841607715,"ORC6",FALSE
"cg03133371",0.0522110035733076,0.0101670612945617,0.491813125540181,0.623043079896146,0.716339649254652,"SFRP1",FALSE
"cg00459289",0.0124973366361556,4.40362691939231e-05,0.488055104304109,0.625700754859165,0.716339649254652,"ACTR3B",FALSE
"cg14577472",-0.102868117351309,0.00681880246960252,-0.457253437315776,0.647665215112095,0.738037105592853,"MYBL2",FALSE
"cg25152498",-0.00905157687438475,-8.88812877420566e-05,-0.414526359797682,0.678646501522695,0.76976107811602,"ACTR3B",FALSE
"cg07998951",0.0431745502321031,0.0086965843182425,0.402691461688519,0.687328016776643,0.773584430588312,"ACTR3B",FALSE
"cg07470176",-0.0453935756676855,-0.00178950029261116,-0.401326104933365,0.688332268850008,0.773584430588312,"NAT1",FALSE
"cg05301556",-0.0352265954741206,-0.00987083642034026,-0.383120513569074,0.70177496903267,0.785090718780841,"MAPT",FALSE
"cg10263401",-0.013446148922372,0.000843548057869185,-0.345661718119688,0.729726027851498,0.81264944010735,"UBE2C",FALSE
"cg08290421",-0.0826354261658571,0.00609084733862085,-0.319190800922358,0.749700182107294,0.831115586499036,"MYBL2",FALSE
"cg23906291",-0.0106196601655187,0.001633155872498,-0.308687002791289,0.757673777752479,0.836171511483592,"ERBB2",FALSE
"cg20777956",0.00988379897748753,4.52491406452878e-05,0.27541410594901,0.783099120659734,0.860355536150829,"BCL2",FALSE
"cg01886741",-0.00824230054439086,-0.000295034747383429,-0.257118543137539,0.797181168255717,0.871916902779691,"BIRC5",FALSE
"cg09065776",0.00726001973511295,0.00144955691479161,0.205507414053644,0.837249962257596,0.911672181124938,"CENPF",FALSE
"cg18229134",0.0168942678228014,-0.00557827236050001,0.193960923177647,0.846276414587546,0.917423546787384,"FGFR4",FALSE
"cg15138846",-0.00962346377945973,0.00318252268643433,-0.181534926572017,0.856013033691221,0.918102865064613,"NAT1",FALSE
"cg22904102",-0.0208798145287556,0.003004951219862,-0.186754782259238,0.85192015252473,0.918102865064613,"NAT1",FALSE
"cg16487280",-0.0299325654238468,-0.000380730263259355,-0.178817732155103,0.858145126937945,0.918102865064613,"MYBL2",FALSE
"cg10379951",-0.00553973173517059,0.00200558540071949,-0.161779249704191,0.871537713306793,0.928377129392019,"CENPF",FALSE
"cg07140595",0.00547895222451403,0.00181553090827916,0.154899341055452,0.876956167479774,0.928926149612723,"CENPF",FALSE
"cg27300230",0.0046041107580878,0.00100564180701938,0.146054290448528,0.88393078932751,0.928926149612723,"ERBB2",FALSE
"cg21919602",-0.0052819975846059,-0.000335386016503264,-0.141887937763328,0.887219261262764,0.928926149612723,"EXO1",FALSE
"cg16581884",-0.00705144308955491,-0.000260852265465489,-0.143346756407334,0.886067601804672,0.928926149612723,"PGR",FALSE
"cg10244268",-0.00370270189407112,-9.00881483826416e-05,-0.136152587600958,0.8917493064483,0.9296960854461,"ORC6",FALSE
"cg14933485",-0.00585400924923248,0.00250342781540042,-0.124358074519984,0.90107613768782,0.935439210735237,"PGR",FALSE
"cg14339556",0.00441148205419089,-0.000135299621550483,0.112124975073541,0.910764264518524,0.941507362055014,"MELK",FALSE
"cg20099416",0.00446348634338486,0.000547050325770307,0.0890062864528295,0.929108554377042,0.956435276564602,"MAPT",FALSE
"cg14430582",0.0128477295178207,0.0150601458937839,0.0613011373325247,0.951141131821318,0.970956572067595,"MYBL2",FALSE
"cg09126741",0.00725259848298122,0.01012987807589,0.0635077716106208,0.949384703550353,0.970956572067595,"ACTR3B",FALSE
"cg27347932",-0.00152774751332352,-0.000161901179563897,-0.0487423220244494,0.961141927468673,0.977094490580186,"BCL2",FALSE
"cg14772925",0.000825531331640917,0.00256765811873563,0.0165614892322477,0.98679231254329,0.990836543332401,"PGR",FALSE
"cg00424800",-0.000859047868424686,0.00237519200434441,-0.0177812060614979,0.985819694922387,0.990836543332401,"GPR160",FALSE
"cg11255230",0.000719594285994925,4.98903941006483e-05,0.0240425719618219,0.980827166687507,0.990836543332401,"BCL2",FALSE
"cg14951488",-0.000385113362414348,-0.000842521175918709,-0.00956333328199437,0.99237306676787,0.99237306676787,"CEP55",FALSE
