,count,mean,std,min,25%,50%,75%,max,iqr
cg00615260,562.0,0.04326978207803503,0.01118919012778653,0.0224083172813716,0.03575046032235413,0.0413916349896176,0.0483848349112458,0.0963622062723516,0.012634374588891675
cg01651593,563.0,0.029443469527964856,0.012304497307294751,0.0162449427321008,0.02315179630540485,0.0265434559316492,0.0313487598409437,0.150084326185862,0.008196963535538851
cg11950805,563.0,0.010775578342172137,0.002802202273714697,0.0054855227019248,0.008933986498496652,0.0104332468297439,0.01201437035774845,0.0365143340301286,0.003080383859251799
cg21869951,563.0,0.017576112373861523,0.012350817696545483,0.0092226904667071,0.01434536111805825,0.0166535602485306,0.018878209566466853,0.297033030285597,0.004532848448408603
cg07719884,563.0,0.01371768385857779,0.002504951758444769,0.009469182052396,0.01202940170850255,0.0133639646669253,0.01477184166303965,0.0367165937372507,0.0027424399545370997
cg25844639,563.0,0.015093284515661439,0.0035529544597955754,0.0077797791433389,0.013018036092207,0.0144714828925249,0.01644533251032745,0.0425794576363338,0.0034272964181204513
cg08263040,562.0,0.03642421352377741,0.010844968153999504,0.0193521135549317,0.029291350204580374,0.03415847614244515,0.03993287215307178,0.10522867306924,0.010641521948491404
cg13305312,563.0,0.017513393357271017,0.003074722695928474,0.0105282027978944,0.015522018067365351,0.0171307129511651,0.019107963300479598,0.0321804779089238,0.0035859452331142468
cg23995744,563.0,0.020646017874132276,0.017449610903395314,0.0114041351241168,0.01733730055761345,0.0192921464348121,0.0219663897717969,0.42438392636427,0.004629089214183452
cg26607641,563.0,0.019675172249506313,0.003775412373083096,0.0104525475108107,0.017044000672572647,0.0191558454167735,0.0213995984109097,0.0374195261146331,0.004355597738337054
cg15572325,0.0,,,,,,,,
cg03907454,563.0,0.06380195844135739,0.017647033076936994,0.032256843497481,0.05355855866942535,0.0611580803434174,0.0701676029221108,0.301389338250785,0.016609044252685452
cg12269116,563.0,0.04509355935440383,0.011273265760923286,0.0264489915150785,0.0376729630657434,0.0426764618872306,0.049256668677250454,0.103071962887295,0.011583705611507053
cg02890457,563.0,0.046424410298749004,0.01709822402255084,0.0241955429667643,0.03772476398194325,0.0433372899923212,0.04971342444822875,0.160901319234302,0.011988660466285501
cg12276329,563.0,0.05160579846066148,0.011182029402956019,0.0276955857234099,0.0439829649263968,0.0497377903727794,0.058130346494975504,0.12942218762547,0.014147381568578705
cg21350237,0.0,,,,,,,,
cg00455333,563.0,0.015260767881117314,0.002837809408091231,0.0096627857863209,0.013206205963349201,0.0148746568387281,0.0171321196957019,0.028708625056207,0.003925913732352699
cg00148881,563.0,0.026332603259825935,0.005410794305380644,0.0152532382231124,0.0227111560647801,0.025629201240752,0.02911808684932745,0.0599937091914578,0.006406930784547349
cg00251536,563.0,0.016576446081733833,0.0032801323090896482,0.0100993348660193,0.01421820721709015,0.016052337986456,0.01851498432669805,0.0358626143071963,0.004296777109607899
cg03331258,563.0,0.016823432473073323,0.006997888975401019,0.0091370757015249,0.01356936075826845,0.0155555453363697,0.017614014237297998,0.0670218623046187,0.004044653479029547
cg10827253,551.0,0.7111645494692933,0.15373735262880625,0.122693865269269,0.6294999615295056,0.735853445392985,0.8291335693437676,0.941047371864321,0.19963360781426198
cg05958127,165.0,0.6173099429817033,0.2203299788070617,0.156197314347844,0.433358812821539,0.693365284335231,0.794122553634284,0.905930388802633,0.360763740812745
cg07090813,563.0,0.19389964279153485,0.11349852377098696,0.039351284408753,0.125412479560142,0.166936183319529,0.2129029017317255,0.821532921193147,0.08749042217158348
cg26612362,563.0,0.06642081039598262,0.09003793603023659,0.0225008612609672,0.038532479458979946,0.0466286877095662,0.05505417200675095,0.738981844398605,0.016521692547771007
cg26791905,563.0,0.1271590559808361,0.09685444694429612,0.0395794592215247,0.08070471814191704,0.10367835924787,0.131534218188693,0.750092282043762,0.050829500046775944
cg21959457,563.0,0.3952236935071201,0.1922213461278971,0.0558084279193647,0.247124297744569,0.36958619478723,0.528144259702632,0.939126635470255,0.281019961958063
cg21934237,556.0,0.047332733303898714,0.01812274771586243,0.0234004835645719,0.0352208348844158,0.04158565064389855,0.05417536137204563,0.134568807562296,0.01895452648762983
cg11823214,563.0,0.06289023149338777,0.01840896990735309,0.0300942783708047,0.05053902651618665,0.0587550018576993,0.0725321056590165,0.216876375442628,0.021993079142829844
cg16604136,563.0,0.05992374179233733,0.02564099441166566,0.0181522184437996,0.0417374503560754,0.0570571206427191,0.07276521409267714,0.287079138863114,0.031027763736601738
cg26029744,563.0,0.023588259688584096,0.003692939191418431,0.0156458002521525,0.0210419800198281,0.0230675168263207,0.025365543183413802,0.0373665222040599,0.004323563163585703
cg01964683,563.0,0.01664045700750979,0.002870680355243809,0.0093536890901286,0.0146421127593055,0.0162487746182716,0.0181084256647005,0.0284165924577706,0.003466312905395001
cg17428694,563.0,0.016197566504225266,0.003248681439999068,0.009038691355321,0.0139137376893573,0.0156483023053248,0.018207624755634748,0.0313881190891113,0.0042938870662774485
cg15778350,563.0,0.07566868996903962,0.02033069863277577,0.0301025561694805,0.06015369544104275,0.0742990775887926,0.0870436825162285,0.174430780939179,0.02688998707518575
cg04298819,563.0,0.03127899871864832,0.0130111470417277,0.0142760987218373,0.025103144515468002,0.0292957133933807,0.035146157718381546,0.261174632152324,0.010043013202913544
cg16993579,563.0,0.03478567434074675,0.04004585253943312,0.0115302265147287,0.02176429296651,0.0281074844901852,0.0367138732285952,0.495354105259999,0.014949580262085198
cg13395333,563.0,0.059620843550660337,0.03515354143319299,0.0171826075829012,0.0409940266690552,0.0544255412059557,0.0684462960558549,0.437622748090473,0.02745226938679969
cg10717074,563.0,0.03708823867957947,0.03593866376090125,0.0167254703855495,0.02749132952642835,0.0317263324751023,0.036686229419070196,0.502484154668042,0.009194899892641845
cg11819639,563.0,0.01758848537282693,0.03749562890677797,0.0067848295087073,0.011478546293213949,0.0126412803643431,0.01443728617942205,0.505196500341692,0.002958739886208102
cg15387598,563.0,0.04749853549842847,0.03963534567677041,0.024519490224884,0.036907565637105455,0.0408690360003817,0.0474448589074589,0.550710399462683,0.010537293270353444
cg26399396,563.0,0.039970742636820766,0.03245698393437301,0.0184784818198719,0.030403289050264598,0.0354304594466578,0.0414228924936238,0.52735876285259,0.0110196034433592
cg15173196,561.0,0.0535967145787611,0.03826403910971484,0.0261252362999715,0.0381216213086785,0.0453043108100021,0.057238578497622,0.578231522335006,0.019116957188943497
cg09065776,563.0,0.02656803063638412,0.011715350821556444,0.0120686763272392,0.021856590602494952,0.0251406733847488,0.0294206479802559,0.263474902830925,0.0075640573777609466
cg21164723,563.0,0.062074839373834505,0.030204629978655397,0.0142705043723615,0.0313682864815819,0.0648488512274718,0.083931471798804,0.265001669689181,0.0525631853172221
cg07140595,563.0,0.017448407663988964,0.012452295706743801,0.0092027104347064,0.0142976360152481,0.016127356996696,0.01901307171099975,0.299533824227396,0.004715435695751651
cg10379951,563.0,0.011782560289054106,0.014005491758026898,0.0069034950194998,0.009684838126632251,0.0109501869819064,0.01237597539035935,0.339831552489048,0.002691137263727099
cg16327647,563.0,0.0956717375064246,0.024141516209091857,0.0460443470184201,0.08130270664951755,0.0940989408343282,0.1077931588426835,0.440069293042354,0.026490452193165953
cg15639974,563.0,0.05255310319025137,0.020193830606644543,0.0210752505718251,0.043350366104417046,0.0504775718875634,0.05865561363686895,0.400108452909134,0.015305247532451903
cg09885951,563.0,0.04552175790152605,0.02519560868124905,0.0207236401102741,0.0356301894196043,0.0418747711861258,0.04894505060353245,0.516418272595088,0.013314861183928148
cg13085338,563.0,0.014057177560525312,0.008463699823806767,0.0087626021949547,0.0122697939806557,0.0132543346416342,0.01491017086701925,0.207273944046098,0.00264037688636355
cg24711708,563.0,0.0332736883416053,0.018402473795072025,0.0126100763475226,0.0244185021520444,0.030492871412155,0.0386985440815112,0.370493612663054,0.014280041929466802
cg17750334,563.0,0.012240568544955758,0.02455837720704217,0.0067985446583136,0.009794769492348549,0.010794043760877,0.01195883947669555,0.589696988704673,0.002164069984347001
cg03292648,563.0,0.9218102993845708,0.06244222114838334,0.491316387231007,0.9198375244771051,0.941406192568676,0.9533286952183004,0.975213721243513,0.03349117074119534
cg15084467,0.0,,,,,,,,
cg06713297,562.0,0.060790677335312814,0.01724108837095043,0.0296498569922155,0.04789920521501287,0.05722153795570705,0.07109047108910585,0.123647972696263,0.02319126587409298
cg07639959,563.0,0.033779649318902996,0.00851745060841601,0.0165453148452366,0.02803701951021935,0.0326634013863111,0.03782461644686315,0.083850716392082,0.0097875969366438
cg17423498,563.0,0.014264046626515405,0.006907930847735001,0.0072971339780426,0.01172054040469015,0.0136712151770276,0.01577494093201455,0.157798418008479,0.004054400527324401
cg17736920,562.0,0.012969680853797056,0.003997762196465419,0.0071510340821148,0.011054466064866524,0.01244443641923985,0.014164235464005399,0.0736895810065956,0.003109769399138875
cg00309178,563.0,0.017448069662641386,0.0035286646911648067,0.0106563077639749,0.0150450090161752,0.0170833774899545,0.019292909593315997,0.0346864367854622,0.004247900577140798
cg04158730,563.0,0.02042614092970965,0.004997079484014649,0.0098504389914246,0.017065190820391297,0.0196041840829487,0.023094701398600002,0.0461014327309521,0.006029510578208705
cg21919602,563.0,0.02233612150187121,0.006104195385143284,0.0116888821925541,0.0176439234763337,0.0218732043021619,0.02565778535177085,0.0634862391730496,0.00801386187543715
cg12401425,563.0,0.02331227764918218,0.007281120886324539,0.0101775156251874,0.018409809535992,0.0220939312455622,0.02685782852680175,0.0603660655696622,0.008448018990809748
cg20629097,563.0,0.040242976368752514,0.01021656987239464,0.0227879232555734,0.033943783794984,0.0384942782613708,0.044006489071056754,0.127039595004226,0.010062705276072753
cg24741598,563.0,0.14131505805765374,0.02969256337651077,0.0859455366729182,0.123634318901909,0.141532762202051,0.157590590796917,0.557908351342041,0.03395627189500801
cg16357661,563.0,0.01599418164341733,0.002616864999789691,0.0082370496552028,0.0140768861812712,0.0159029223947193,0.017491459322897,0.0279651529074759,0.003414573141625802
cg04706276,562.0,0.054163463090123376,0.028958697171223114,0.0227052757460385,0.03809188624741675,0.0474514512322981,0.061719439578306,0.382346384574824,0.02362755333088925
cg16121177,562.0,0.08940260540530016,0.04485573301597216,0.0277456926763836,0.0638777671147954,0.0778319528282672,0.09940639159306261,0.433955752340852,0.03552862447826721
cg18623836,557.0,0.8648144263018169,0.09893027998997703,0.297993672523634,0.853379631574356,0.89663350350881,0.920343192053594,0.961827545776233,0.06696356047923802
cg18639038,563.0,0.03422913929580182,0.008189633331895969,0.0219387957482603,0.0289743631125218,0.0328603679286002,0.037450231875460746,0.0820389219349069,0.008475868762938946
cg05515713,563.0,0.016054178905920535,0.0023866315095872667,0.01080876343419,0.014475227932561448,0.0157660869796241,0.01731319900798635,0.028051974040186,0.0028379710754249006
cg26095266,563.0,0.04325615981708166,0.010899123761790367,0.0141669720699894,0.03563389426548555,0.0423990589178758,0.049411135472831255,0.0799258704334789,0.013777241207345706
cg04817183,563.0,0.03841329212284381,0.011039667389577443,0.0191886927113357,0.0308698184011734,0.0362259565093659,0.04330587444485105,0.110726923052479,0.012436056043677653
cg07545636,563.0,0.023925732027539403,0.006508462789338879,0.0132478351151499,0.01938879632517155,0.0232686490329401,0.02672187219636905,0.0690671282367512,0.007333075871197501
cg17779456,563.0,0.021934459199986316,0.006210406358875135,0.0114751764922697,0.01743077021552145,0.0206972807398722,0.0252251803064189,0.0656608797683622,0.007794410090897451
cg15345369,563.0,0.031420059976471675,0.013396292462766865,0.0111372869571881,0.0219094470415294,0.029105316002008,0.0377977197466819,0.100816756078695,0.015888272705152497
cg22533717,0.0,,,,,,,,
cg16504939,0.0,,,,,,,,
cg14070755,563.0,0.2748030105872808,0.12220846001142677,0.0339872139677369,0.181211643747136,0.258899804843569,0.3513750766840655,0.729073649420792,0.17016343293692948
cg17187163,563.0,0.17503002925466674,0.07096706842605593,0.0413814359208805,0.12353105676081,0.167764889163625,0.219471766333467,0.846981651817914,0.09594070957265699
cg01387102,563.0,0.10476647822644578,0.05181146709991875,0.0115493925303474,0.06543469149701214,0.100114245271256,0.14103611298492752,0.323489533989857,0.07560142148791538
cg03076319,563.0,0.022830675398534072,0.010728370424698083,0.0105438472256604,0.016742888690481753,0.0209389402885888,0.02557296645512135,0.115695886802819,0.008830077764639597
cg08992911,563.0,0.04319533032003632,0.015351896462177978,0.0202722993994024,0.032426052397099295,0.0400018889252696,0.0505147720714852,0.131100230117513,0.018088719674385904
cg24603464,563.0,0.09554253552066967,0.07420092229798349,0.0093208183569749,0.036735143886226854,0.0736800693502337,0.13092345452673848,0.432900666890114,0.09418831064051163
cg05240479,563.0,0.01657019960325143,0.009470083851412632,0.006669077537661,0.011832002041784351,0.0144058857208783,0.01770287135763345,0.104079943050508,0.005870869315849098
cg11692852,563.0,0.10620350600997115,0.03897870662281501,0.0324144355799205,0.07853032911584,0.103938275469477,0.12952447339933149,0.2491159431091,0.050994144283491485
cg09383389,563.0,0.4721638735220238,0.12050585525693562,0.148738104892502,0.38853427327422696,0.477992238251902,0.5529364134371845,0.83122510305802,0.1644021401629575
cg25742394,523.0,0.5900785973701316,0.1996575762357674,0.147195593699649,0.437326361663931,0.591698167676414,0.757449738383642,0.963000312164028,0.32012337671971103
cg21919556,562.0,0.512292971890932,0.20657484682286045,0.077020883177556,0.3560981913560243,0.4895245489461535,0.6505581870319395,0.958489258532202,0.2944599956759152
cg22121694,0.0,,,,,,,,
cg04747517,563.0,0.04791429972662121,0.017744459536820512,0.027226790667222,0.04082053296529345,0.0455282872237815,0.051364511299287846,0.303832278888601,0.010543978333994397
cg00424800,563.0,0.07352888002942731,0.029444501027814454,0.0346740602366655,0.056799540715264954,0.0683924976954519,0.08391343367107304,0.364065529334783,0.027113892955808086
cg17537403,563.0,0.07492261877612325,0.020418588328832383,0.0398988632218542,0.0644706104641537,0.072096334502462,0.08182563842073555,0.291008617934112,0.01735502795658185
cg21826946,563.0,0.015713209529612263,0.003605118323193004,0.008768311604092,0.013445211516714201,0.0149299241485895,0.01706571624987585,0.0363599482322964,0.0036205047331616495
cg13849825,563.0,0.9634463150791723,0.009869444191025508,0.901089174740379,0.9593739637355245,0.965301400805246,0.9694517621468015,0.981828976787765,0.010077798411276984
cg00290373,563.0,0.16052464240710798,0.09978033631955537,0.0503242687074133,0.09797198460162256,0.129370810420617,0.17907302571573153,0.698677565759286,0.08110104111410897
cg06979550,563.0,0.06789513872951708,0.01593303030789548,0.0330771511211203,0.057332012260247006,0.0658215027711966,0.07601320176014635,0.140545757962746,0.018681189499899345
cg20440575,563.0,0.01840846963642541,0.0061222302835896684,0.0105690343876739,0.01533979809969095,0.0175701635545055,0.0198734185322187,0.104066162478618,0.00453362043252775
cg24088685,563.0,0.07993025366846013,0.019430924233946215,0.041707555052296,0.06904497187384215,0.0776601571458243,0.08720300834825165,0.182705322067636,0.0181580364744095
cg09999250,563.0,0.06180385346571547,0.018934781178232475,0.0252241011878885,0.04853201755621275,0.0592373189229098,0.07045028091415989,0.14595891099353,0.021918263357947138
cg10556830,563.0,0.07317818751091612,0.024209507664655697,0.035174007844202,0.054930308814447895,0.068818515593602,0.088102821992604,0.219920963821934,0.0331725131781561
cg23935746,544.0,0.0516029190308494,0.016069181239408405,0.0289087105804299,0.04248354417398485,0.04790952627407355,0.0564811065013882,0.214627746422827,0.013997562327403346
cg01408486,563.0,0.5040690595422114,0.1814182201169264,0.0785026978825518,0.37389646375246155,0.539251747714003,0.6444690421780981,0.899104621175344,0.27057257842563653
cg02084046,563.0,0.07844255415043226,0.037963684807135696,0.0271520710100063,0.05443238577365165,0.0698517862402127,0.0914187763353453,0.351843205008403,0.03698639056169365
cg22019649,562.0,0.06924999005934628,0.03445638315497232,0.0264746462972478,0.04796152021961932,0.061081271793345604,0.07822976777576263,0.325393248566298,0.030268247556143303
cg26619047,563.0,0.014330239792918904,0.002948735896377766,0.0085487958845867,0.0122872623550039,0.014029299669067,0.01614376013730115,0.0334242931869321,0.00385649778229725
cg14810343,563.0,0.025521838302636966,0.012529082261000276,0.0107837149761216,0.0184514468264141,0.0223433973436678,0.028450300822428498,0.170570125580624,0.009998853996014398
cg12333398,563.0,0.014590515444706636,0.002817726617436589,0.0089236219186841,0.01284222740730245,0.0142948816039991,0.016183917363559,0.0345417817164766,0.0033416899562565515
cg12878260,563.0,0.06855912552304343,0.017368487901629176,0.0304212660095929,0.0566259780700284,0.0670707856135122,0.0777766150844706,0.156242541909292,0.021150637014442204
cg23024444,490.0,0.18455051391917116,0.06469296711576375,0.0654417601135706,0.14041822633541,0.17399468513251398,0.21441491751204272,0.618806054533201,0.07399669117663271
cg00116688,563.0,0.04356817591080095,0.009701181166030533,0.0242296847895101,0.03697576943260925,0.0423538959753948,0.04822971373588255,0.0913972903767365,0.011253944303273297
cg21784134,563.0,0.06530060326354385,0.015811841195519635,0.0352068420331055,0.053921784207462395,0.0627258393609379,0.07398989149745344,0.144730308824535,0.020068107289991047
cg27185377,563.0,0.06624924445658911,0.01603133869071977,0.0290077568932393,0.0550331795502151,0.0630436614929181,0.0738580556635598,0.159160902768027,0.0188248761133447
cg12430567,562.0,0.09066088485620989,0.01990276992744483,0.0490672631600937,0.07606939894271406,0.08792613147344405,0.10174444184865974,0.217949833087544,0.02567504290594569
cg09468767,563.0,0.0235585565968873,0.005337200324737829,0.0121013294124014,0.0198975725521409,0.0231607424350484,0.0264693754092025,0.0610105930855421,0.0065718028570616
cg17475304,563.0,0.761061871496546,0.14016099874875732,0.212906014581385,0.6789223612425245,0.793032050641087,0.8691452211335475,0.959645875195962,0.19022285989102306
cg17919667,563.0,0.6129289769460932,0.11346081914365665,0.171885060258665,0.539145777183621,0.617300850675027,0.6928136456791936,0.866729304095892,0.15366786849557257
cg27294629,539.0,0.10656129874912394,0.04659475314784948,0.0498437909662122,0.08342765007026795,0.100260286380223,0.1217978960080355,0.898872565392251,0.038370245937767555
cg05987933,0.0,,,,,,,,
cg11408622,563.0,0.02501519945212956,0.05437417626835186,0.0121722318292181,0.017040332936420648,0.0191883392729789,0.0211279839200783,0.787456076789164,0.0040876509836576536
cg23197992,563.0,0.055467199240923026,0.06822061809076242,0.0185096133254116,0.031569967907932,0.0391469890547725,0.05016517542406935,0.778771690776629,0.01859520751613735
cg00618323,563.0,0.6528260728031222,0.09916943935523874,0.197584364446647,0.6034123213417759,0.660477679070454,0.7174000108011115,0.888961696512535,0.11398768945933557
cg18229134,562.0,0.9027069153328705,0.06892646970340302,0.284813102778968,0.885492438016547,0.9205732815253584,0.942616171603291,0.980037493987002,0.05712373358674405
cg04849878,563.0,0.8515581151324167,0.07145328807503443,0.364185099022136,0.82348627511256,0.865610286772217,0.8971787530012916,0.956073532443796,0.07369247788873157
cg23946695,563.0,0.0711262447299014,0.09980340938947135,0.0130486937987844,0.0277223447604266,0.0395903312512024,0.0650368563691705,0.746487164286943,0.037314511608743904
cg03869498,563.0,0.04427264838805536,0.08484941133709674,0.010865557836621,0.0174743338767209,0.0215122613776462,0.02734315842874405,0.642821976930976,0.009868824552023151
cg20020464,563.0,0.06913657881039618,0.04757697131711746,0.0112518065830401,0.0472012303253014,0.0618808176743383,0.0805720981608847,0.510723205947807,0.0333708678355833
cg23572376,563.0,0.047621433617095046,0.0541557894872161,0.018822245580797,0.030135081166713852,0.0370098334484806,0.04658152638107705,0.614930889177216,0.016446445214363198
cg23867624,563.0,0.047249718326131375,0.03618670958048127,0.0199016536259156,0.0363363078154213,0.0414174781833431,0.0465581978035291,0.429433744064686,0.010221889988107802
cg04780909,563.0,0.04338932801680326,0.08052110558016302,0.0153185502219018,0.02216007103684105,0.0252097557537283,0.03035021919112285,0.690232365778988,0.0081901481542818
cg11815762,563.0,0.14772596008664152,0.10517823972253076,0.0646680182385783,0.1027700059411085,0.117717565238313,0.1408729776840805,0.768886251129159,0.038102971742972
cg04504095,563.0,0.08393947525788602,0.08359016523374219,0.0215717802775867,0.04820470715944515,0.0604505909396068,0.08072316964811055,0.64173980731513,0.0325184624886654
cg20491838,563.0,0.3308857247659838,0.1882610683029655,0.0218898499966338,0.152903355327059,0.32585300891897,0.47650561608240505,0.781545774380201,0.32360226075534604
cg01912921,563.0,0.33153490707389804,0.24774306757614484,0.00899645758685,0.041399525257980255,0.353633435384552,0.5389653520198929,0.835521290739102,0.4975658267619127
cg24038058,563.0,0.30567972023380446,0.19739070232450653,0.0270927914984868,0.11614611440491,0.302781768589121,0.454832620662145,0.854936038663303,0.338686506257235
cg10365447,563.0,0.26934446316108424,0.19258375051267193,0.0157774632470107,0.09862043517026385,0.229795257661155,0.4114111926321195,0.867483417057668,0.31279075746185564
cg16617518,563.0,0.35521668328045963,0.16574916802924464,0.082047973738287,0.2373730782344795,0.314004539286848,0.437157455759423,0.910877404253594,0.1997843775249435
cg23850750,563.0,0.3576463919087898,0.1353975891970185,0.0842391538559164,0.264075261536255,0.331134640663845,0.43469281752247546,0.900470876472287,0.17061755598622047
cg19449067,376.0,0.29553248521656056,0.1778553664478445,0.0576190071973515,0.15671899755886776,0.233593098572007,0.39823245526040396,0.84822063772204,0.2415134577015362
cg25338972,489.0,0.46982378203958053,0.2239418926427549,0.0775372283026037,0.267347420555867,0.445320528645614,0.65799655921336,0.912974933309007,0.39064913865749296
cg06611115,557.0,0.4411465094291357,0.20303503485696633,0.0579913287716897,0.271948749338018,0.420536628119474,0.587112693489398,0.915453652340432,0.31516394415138
cg18745416,437.0,0.4911916670751966,0.20324185958141053,0.114841367984569,0.30716571970702,0.480659586110158,0.66359539661102,0.917574696387912,0.35642967690399996
cg08161546,282.0,0.3129221351919051,0.17713960451776237,0.0733576954474949,0.17067725860239824,0.254589025366153,0.4092127159946395,0.873129368675503,0.23853545739224125
cg04211581,556.0,0.14408500247347514,0.09596058500933859,0.0439467780973795,0.09019615414282,0.1183317049450905,0.1593096407723445,0.917389589953738,0.06911348662952449
cg18007957,557.0,0.13260761064841683,0.1004143730462623,0.0372075127135149,0.0753364321937606,0.101876128319124,0.142595157340268,0.901788728901089,0.06725872514650741
cg09646983,563.0,0.6733011576819706,0.24636361225466827,0.0628566594340724,0.468056506518934,0.744262700952299,0.899635312755628,0.969625119528342,0.43157880623669403
cg08907436,562.0,0.6981459419214701,0.25283919076593053,0.0752618951340548,0.487366811822372,0.7850921956924815,0.924080304899489,0.969987428979142,0.436713493077117
cg07619683,294.0,0.7188593748902474,0.2971303720573653,0.054307282134465,0.6445340848652661,0.872701693696746,0.9115678854014705,0.963081616160862,0.2670338005362044
cg07189962,472.0,0.7480000841606725,0.23576744517104734,0.0878310470729309,0.6462887092684533,0.8669829246334986,0.9157203950756252,0.958477071137919,0.2694316858071719
cg07584093,381.0,0.6426942232708777,0.250741470573708,0.0877579903652384,0.446765641792201,0.741651427551578,0.862234754341,0.943030393248303,0.41546911254879904
cg10441070,562.0,0.39615332122693386,0.211731309708037,0.0603825076693438,0.2075623233399565,0.383042843868248,0.5535455471057378,0.905340286427059,0.3459832237657813
cg17706972,562.0,0.615858397579372,0.2568156821384871,0.0862405270629167,0.3889475027479238,0.676941127906814,0.8509558152588255,0.953649484553086,0.4620083125109017
cg01321962,482.0,0.6447104503567044,0.2713300160675243,0.0625489171545053,0.418751551552158,0.726755502529289,0.8881715099501717,0.962391116144421,0.4694199583980137
cg20893956,563.0,0.3657291551184935,0.17005213662143184,0.0689716773270946,0.23088408469961452,0.3246771396901,0.49810207659064654,0.868530244803976,0.267217991891032
cg24764793,562.0,0.44574645507866517,0.2113534105812329,0.0662167532307473,0.28438980385087825,0.409686389741432,0.6075766899102257,0.951701543153764,0.3231868860593475
cg07746998,563.0,0.3714010825747908,0.10930163348767485,0.156277976848388,0.2882814406340565,0.352028821008316,0.443678289232929,0.748588995910967,0.15539684859887254
cg21157690,561.0,0.3427392108713109,0.19242105259966163,0.063949871544432,0.192684547230752,0.294964151739568,0.479693633546433,0.868652009894908,0.287009086315681
cg17264271,563.0,0.23869093780538145,0.1317618350621469,0.0291694272302381,0.1411229993624935,0.209967776960179,0.31841557896232897,0.681360367098062,0.17729257959983546
cg15543523,557.0,0.6025717022882383,0.24601490282239744,0.0783050799609698,0.392389771697542,0.617546514507029,0.843743616421074,0.962031612259416,0.45135384472353196
cg26089753,515.0,0.5718522383466476,0.24499911055393161,0.110319871023895,0.3431263326678345,0.600019857743938,0.801918384766747,0.947330283679503,0.45879205209891255
cg08884395,552.0,0.47982614441830357,0.19706777682529295,0.0914317843816589,0.3104099063881795,0.4769963748373925,0.636560945734428,0.88828717314132,0.3261510393462485
cg01715172,293.0,0.6060243279969132,0.26596937267713744,0.101526825538999,0.299295605663189,0.731776234749111,0.838457211797191,0.937403007171482,0.539161606134002
cg21608605,562.0,0.2533342301407878,0.14580741017512353,0.0455160745189842,0.13885272859273376,0.224822119178749,0.3179476957771952,0.75633067624721,0.17909496718446147
cg20627916,429.0,0.21651320750341485,0.10318783126782315,0.0729211422976991,0.140044506228264,0.196818972169892,0.261222778790961,0.655122953514641,0.121178272562697
cg07671949,441.0,0.26030760671975983,0.13022234428578347,0.0831005303893095,0.159942404216341,0.226311493386302,0.330879889252588,0.716562686989862,0.17093748503624698
cg23164938,418.0,0.1617800824485241,0.09521837686156188,0.0508637206236582,0.09057309725327642,0.13776351775901602,0.20277543222385924,0.616865185235932,0.11220233497058282
cg23165623,563.0,0.1728860052313764,0.07414007149159496,0.0356637472853472,0.11664289908030401,0.161682604338932,0.22193996579661052,0.414144707778371,0.10529706671630651
cg21614759,563.0,0.09316405228086204,0.051358436803902674,0.0235667100822366,0.053757122400291596,0.0790016351321568,0.1202575333386835,0.306831468296011,0.0665004109383919
cg19411146,562.0,0.10230197608462785,0.08343822359896823,0.0143838492847125,0.039962251934875674,0.0727351071572071,0.143114374214591,0.44079407850983,0.10315212227971532
cg21950534,563.0,0.17946861774816453,0.07522174508181659,0.0546175297679617,0.1222600035167625,0.167817539271869,0.219754966538063,0.463199855969358,0.09749496302130051
cg11813455,563.0,0.09409971633500328,0.0436978675576268,0.0339070452063403,0.060745775248199504,0.0847622825976632,0.1169628427530555,0.416641231580244,0.056217067504856
cg24900983,563.0,0.1634601576725904,0.06690531552743495,0.0279767813483096,0.1116078238597615,0.160321867654022,0.209755808129293,0.469028246843116,0.0981479842695315
cg05171584,563.0,0.1787320143681706,0.06818467343939594,0.0381347614147827,0.128043235564128,0.173151469482958,0.2186600053437665,0.49336432852933,0.0906167697796385
cg23467008,563.0,0.04683508607422992,0.0389361355792032,0.008913389993158,0.01922596851809855,0.033151070382432,0.0596370938604686,0.259545670475392,0.040411125342370055
cg22839866,563.0,0.10908101869009902,0.02840595057920209,0.0577380832572354,0.08851283251938255,0.105237444929493,0.1233231148844975,0.203777160508699,0.03481028236511495
cg23009221,563.0,0.13848128953220046,0.030544168130502952,0.0812151390026956,0.1147902842188585,0.134757460692918,0.158707218038932,0.255491130544088,0.043916933820073514
cg13612689,563.0,0.07932854593234738,0.024564463730608985,0.0326787330143366,0.06164154948776995,0.0757549476522386,0.09385371490822064,0.191869118729175,0.03221216542045069
cg27316393,563.0,0.0671815096305258,0.026778322649852686,0.0202137651282984,0.04590203480743015,0.0630124395333882,0.08340504061690154,0.168747612270576,0.03750300580947139
cg00655307,563.0,0.08022656161263637,0.028532366389821085,0.0208210464049128,0.05924092217753675,0.0763281355543987,0.0955796144716009,0.187775753654883,0.036338692294064154
cg01777019,563.0,0.052578207852082684,0.01658362604237571,0.0275388834243087,0.04235020082873135,0.0494438311337293,0.058025197336544945,0.170619303522092,0.015674996507813593
cg15980539,563.0,0.03339280642143652,0.024452242600985497,0.0095175940544031,0.017603108276277202,0.0252442884746865,0.0415151626530902,0.2086426181718,0.023912054376813
cg11251858,563.0,0.08249328881955482,0.027768933341637405,0.029035151509688,0.0618114485098107,0.0798807856062861,0.09878501513101985,0.202175193324824,0.03697356662120915
cg00920970,563.0,0.03851267257246768,0.029051563615743473,0.0129049986030971,0.02334848931028655,0.0303241884265168,0.0423549738831001,0.282921386965336,0.019006484572813547
cg20253551,563.0,0.06179047548467306,0.030274105805140412,0.0231983125708707,0.042191684043392505,0.0536386132752564,0.0731370717001743,0.290156882209251,0.0309453876567818
cg25028542,563.0,0.24105829463875406,0.0940546475299788,0.0546039773809523,0.1764869806429895,0.227933727609941,0.29102950550604,0.607948524654788,0.1145425248630505
cg09378441,563.0,0.0403567417651,0.016918970330132725,0.0140881239149845,0.028116556333238098,0.0370353730295743,0.048751434822391096,0.123608788761322,0.020634878489152998
cg09139144,548.0,0.07425368885991782,0.015702146750376456,0.0360662653896441,0.06369500065354253,0.07253026837865315,0.08261196176029934,0.176430345385132,0.018916961106756808
cg03187894,563.0,0.01692844483390574,0.005141640873214186,0.0100082137923493,0.01430887468518325,0.0162045110882872,0.018371772638296202,0.103040682131156,0.0040628979531129525
cg16286275,563.0,0.016737092408850164,0.0029339066369844157,0.0102858804196361,0.01481136682642655,0.0162895255530615,0.01814811390469365,0.0304786507614976,0.0033367470782671004
cg18491230,563.0,0.06148592588712402,0.016291510588312456,0.0238491813294366,0.050202402935651105,0.060429031396073,0.07074561319098716,0.121144957542874,0.02054321025533605
cg14579118,563.0,0.755924570029765,0.16660089928936764,0.261327271227404,0.6431039496226509,0.801954711352829,0.8931235969848175,0.970842565923986,0.25001964736216653
cg04391064,563.0,0.22214251496181842,0.12370643180544733,0.0656469478768399,0.131334055711889,0.18007658594727,0.2808519269791465,0.727325166667888,0.14951787126725752
cg19725553,563.0,0.1521326357311594,0.14753456272830298,0.0151688860281756,0.0464337250401181,0.0924434356684551,0.2051004246314245,0.798096472067238,0.15866669959130641
cg07332178,563.0,0.04818661820184552,0.016237960400122396,0.0215455129000239,0.036957260773158404,0.0451902331304872,0.0560057826243628,0.193281024806376,0.019048521851204397
cg15997773,562.0,0.04271083205701305,0.012998706144980533,0.0222382552148915,0.03534727736092583,0.04066102119305885,0.0476175089372137,0.205550592985517,0.012270231576287871
cg22555539,563.0,0.016470334748025003,0.009058919422490042,0.0093335515337008,0.0136012833788846,0.0150861596583939,0.0171625846637671,0.159180619478903,0.003561301284882499
cg01745690,563.0,0.01750820198369708,0.008785668057597755,0.0082616458588269,0.01375693471517405,0.0164577417742197,0.0192107729297377,0.116994081099527,0.005453838214563651
cg01581867,563.0,0.02502636322591011,0.008996086736901868,0.0124935571465449,0.01946775382210155,0.0228327184470589,0.02733001557452135,0.0854795378049498,0.007862261752419799
cg16751451,563.0,0.5764671784984406,0.13537220562940014,0.145887769275403,0.49659080702090097,0.565069126609474,0.6739361913494305,0.891308581823042,0.17734538432852953
cg22396409,563.0,0.31095859430691564,0.15737046364686844,0.0493623745388318,0.1725111614476545,0.296751067151513,0.4294302215217485,0.775871155299015,0.256919060074094
cg07311521,563.0,0.09794042562475846,0.09874817275310696,0.007714139938234,0.017209222704476848,0.0613798335479427,0.1494258259286465,0.539288161970548,0.13221660322416967
cg03860890,563.0,0.34351221179814795,0.17344488681612621,0.0666493034744482,0.184079172576729,0.337827902988649,0.4610783080641025,0.899702389612162,0.2769991354873735
cg05064645,563.0,0.13415724922842054,0.2028869626807102,0.0125129081622763,0.02213762363677755,0.036595689001183,0.10545901569265101,0.85851907484024,0.08332139205587347
cg14094960,563.0,0.14994131083823323,0.20939721351393972,0.0145632039213344,0.02820537664830475,0.0445352106441043,0.150794337836835,0.882731333860152,0.12258896118853024
cg01747547,563.0,0.842482149385966,0.1365429116422031,0.25868715578507,0.8216517050859715,0.90070276335389,0.9243970397538035,0.974666063207446,0.10274533466783198
cg07998951,563.0,0.31358901496047253,0.154285913463973,0.0577544557475223,0.2104208266358435,0.278522396432077,0.383600118515468,0.921480600514883,0.1731792918796245
cg09126741,563.0,0.1683641949546299,0.13658272608447122,0.0419857414771577,0.08769545867528711,0.116077968812309,0.186095075725112,0.821149330626888,0.09839961704982489
cg10896886,563.0,0.02770515277524095,0.006370894977386112,0.017319890206051,0.02379790350392605,0.0266067636865432,0.030066811231628,0.068635429086881,0.006268907727701951
cg00459289,563.0,0.010637698452769398,0.0024122314506942687,0.0070274468138859,0.0092550257043404,0.010343366970049,0.01143195786663265,0.0466858087406367,0.0021769321622922503
cg25152498,563.0,0.013341930864324456,0.002145406119207961,0.0090567898994557,0.0118776377053327,0.013055589499893,0.01431138428579185,0.0240891016402547,0.00243374658045915
cg19721541,0.0,,,,,,,,
cg06450790,0.0,,,,,,,,
cg21298408,556.0,0.6305958046509763,0.1894063797146723,0.111736183342478,0.4956081928321925,0.6551845244532184,0.7830309720590041,0.941008048311063,0.2874227792268116
cg04149472,563.0,0.8966359967083427,0.08076001755852943,0.410223256101049,0.8751682465301375,0.927460446197374,0.9477957766986985,0.973242704984469,0.07262753016856105
cg21363706,0.0,,,,,,,,
cg04241863,549.0,0.22634841537275008,0.10441006706709574,0.0578393308447435,0.15725946109493,0.212934039396059,0.26926346315255,0.710286295677673,0.11200400205762001
cg15797286,559.0,0.3116246231650067,0.14683195414297825,0.0644876983731422,0.2054742901361465,0.281747575224992,0.383249524121257,0.927708680503812,0.17777523398511053
cg15138846,563.0,0.09397543692530852,0.050947290550542444,0.0461619494219061,0.0722444060152237,0.0843064871087115,0.101845528495637,0.672394325216441,0.0296011224804133
cg07470176,429.0,0.8013004820092534,0.15414383887386648,0.168702362179273,0.7692663369748,0.850231811784013,0.899789940380925,0.955944391996213,0.130523603406125
cg09102997,563.0,0.706411739462761,0.17546295879650017,0.207919133318616,0.575775364811282,0.719267301646513,0.8729257042127194,0.964111125841623,0.2971503394014374
cg22904102,562.0,0.8974082017525344,0.09921134346792976,0.277697815857196,0.8913389371219373,0.9372745909964535,0.9527227266721447,0.972295322962073,0.0613837895502074
cg18509990,563.0,0.7898775780488583,0.1854904707943457,0.186977256278052,0.6862438677775264,0.862855737934922,0.940020008039864,0.971829447697335,0.2537761402623375
cg13398291,563.0,0.2981986866139826,0.17801208854708025,0.0298202423888673,0.14289728937854052,0.273378672436884,0.42415891815409446,0.787496848788059,0.28126162877555394
cg15839448,563.0,0.2383838524066937,0.19764559546594257,0.0138544848513379,0.0506429592573954,0.20441678440683,0.3751569491892985,0.804079635523149,0.32451398993190306
cg22418909,563.0,0.3999140447618707,0.19047348918179882,0.0386551039694024,0.23132215054974,0.41921369819043,0.5413653887146135,0.836574093926911,0.31004323816487345
cg24319902,563.0,0.36258089550796224,0.21889861156520488,0.0132212663049647,0.132976233119734,0.414565739235594,0.5249227418768756,0.824814611420761,0.3919465087571416
cg01495122,563.0,0.31753439409764195,0.22317504203722438,0.020933361044187,0.09929413741187765,0.283543185351582,0.4951916083324175,0.850835482144127,0.39589747092053984
cg21517947,563.0,0.3119432267670454,0.2593071332153272,0.0100093479429966,0.0350377120572552,0.315382847907024,0.515032071458482,0.903157694662661,0.47999435940122676
cg17816908,563.0,0.3097730327878671,0.22847667683781503,0.0135907609547346,0.081213872459894,0.288877794503447,0.49271565879066503,0.877498552037779,0.41150178633077106
cg10406295,486.0,0.39651115303592804,0.2534948827949412,0.052766049718025,0.14322942255273852,0.376581137873735,0.603564001515121,0.933729164112804,0.4603345789623825
cg04255616,563.0,0.2790296069748697,0.17319195566276985,0.0458053096054446,0.12488386782241251,0.243186670106104,0.406202645661997,0.785296252847564,0.2813187778395845
cg14904908,563.0,0.28919202655721304,0.16052431015060942,0.0527119124079051,0.163209817620303,0.239778689809235,0.396896146511734,0.889224119842265,0.23368632889143098
cg03133371,563.0,0.23924541067904564,0.13724699669372056,0.0659519524580305,0.13016222843970598,0.194554942432755,0.33420971452579,0.726882716240952,0.20404748608608403
cg00000321,563.0,0.4120228177499843,0.17620282438233528,0.0418054168719569,0.26847516435091,0.409352384877196,0.548020609222449,0.879725951924366,0.279545444871539
cg06166767,562.0,0.399855888503908,0.17843904591102527,0.0342577475670791,0.27040090739709627,0.3936625415356025,0.5213868732978902,0.857836305926789,0.250985965900794
cg14824386,555.0,0.16594606742787932,0.2004103043550053,0.014543679749917,0.040559271629308696,0.0673137307047159,0.21568645652483848,0.929086065120091,0.17512718489552978
cg07935886,563.0,0.41394234163754595,0.16864486711466728,0.0401072993102253,0.287113306017488,0.417991493662158,0.5312523270197345,0.847103089199648,0.24413902100224644
cg01074584,562.0,0.4671787877064233,0.21340809023143958,0.064902323331928,0.29415427054799825,0.4747943512574355,0.6272231231223403,0.928675393743704,0.33306885257434204
cg03575666,562.0,0.5256423989302853,0.2371691262764891,0.0540099244990258,0.34457923700718524,0.546958309819401,0.7107988212048643,0.936931371416408,0.366219584197679
cg09410389,563.0,0.5014943173152069,0.24007030151158015,0.0266166309301812,0.31341689627841296,0.540172157212311,0.6994017312185585,0.955552955333675,0.38598483494014557
cg00930833,563.0,0.40002393291905725,0.17353883949761834,0.0328278600404361,0.273636209852842,0.405484533576811,0.519570039868282,0.842913445711841,0.24593383001544
cg23359714,563.0,0.34939852232834284,0.1961690651173578,0.0340523822350209,0.171088490548585,0.3468524807761,0.4945185093822535,0.894443356054174,0.3234300188336685
cg07122178,563.0,0.5137415725561086,0.19232377787871935,0.0421051416025477,0.38115016453101846,0.53382205863257,0.657988239459874,0.904780458966141,0.2768380749288555
cg17160660,229.0,0.12525577617069983,0.03496972524892096,0.0319720121173176,0.100902646611907,0.131012130656213,0.151539741342185,0.208722870540492,0.05063709473027801
cg01052743,563.0,0.05957174833669237,0.015288233352997845,0.0327399138973369,0.050393555996942854,0.056378749946619,0.0653913413427542,0.214970748507931,0.014997785345811351
cg27045396,561.0,0.04238444229309655,0.014580611618553811,0.0134782259570055,0.0323769312087378,0.0405341403560891,0.0494568590765916,0.118560383135931,0.017079927867853797
cg03394237,563.0,0.0574518565842687,0.015158466014344915,0.0270644596159965,0.047557504496491695,0.0556956748043016,0.0636815146606583,0.156736627496142,0.016124010164166605
cg01203549,563.0,0.03541800833359735,0.010038187430453916,0.0202734543035775,0.02991806978684355,0.0336316104079416,0.0379574004095721,0.106717801774728,0.00803933062272855
cg26441142,563.0,0.06786838361468833,0.018431745761839344,0.031815321400377,0.05592661150688315,0.0631468184778382,0.07701881672993294,0.189206372357017,0.02109220522304979
cg17299732,453.0,0.137776730799239,0.031415346326260044,0.0401662833195081,0.11518758143788,0.137051146601077,0.159380242620512,0.227656605844422,0.044192661182632015
cg10340053,563.0,0.055857515637461184,0.022081881474990715,0.0237289981039301,0.040762032878625704,0.0507703854961096,0.06454314764796334,0.240842785072714,0.02378111476933764
cg15465092,554.0,0.02900736079701141,0.022907567672894605,0.0089313443578542,0.015786756429780252,0.0192026028666253,0.032120780231742876,0.141762700861188,0.016334023801962624
cg10836034,563.0,0.06310554807115264,0.017711673176821527,0.0302805949933817,0.0520597823678359,0.0597936425988094,0.0701192154132535,0.164145578042992,0.0180594330454176
cg03003858,563.0,0.014004963967266873,0.004307818151647985,0.0067485648645041,0.01180180615779715,0.0134133393279857,0.01550792077273775,0.0808715981484606,0.0037061146149406
cg26221243,563.0,0.055444645594833364,0.021199203682642553,0.0258104643743555,0.0430422695917523,0.0520865868110332,0.06354306191519579,0.322957258643536,0.02050079232344349
cg19972619,563.0,0.06214000122171182,0.026617038933712076,0.0234028298708715,0.04538712550580095,0.056160449124113,0.07052406746113829,0.229506947921189,0.02513694195533734
cg12057615,563.0,0.03616845443516108,0.01787682348545318,0.0195235643538856,0.02779044806794395,0.0328497830303984,0.038182919570125054,0.18469512322287,0.010392471502181103
cg05927173,563.0,0.05358268611110777,0.020835936018945036,0.0264771418888131,0.04272876258101545,0.0500738559659863,0.0579687915856741,0.207683595297872,0.01524002900465865
cg21803052,563.0,0.021113221772855816,0.003465635521982835,0.0129909904504431,0.0188213655911679,0.020672535946079,0.023215804601197647,0.0329495200313017,0.004394439010029748
cg10302505,563.0,0.043898795524928355,0.008947535995852561,0.0208590792975068,0.0381026541394836,0.0425958238280413,0.04837767627373385,0.0893636604478469,0.010275022134250252
cg07871324,563.0,0.01595178163234281,0.003019102003464221,0.0091668773815531,0.0140121644207227,0.0156076928303298,0.017575889365041703,0.033075734566913,0.0035637249443190022
cg08428512,563.0,0.0490247894969376,0.018338725828006202,0.0191094236290998,0.0370969389476336,0.0446743068564766,0.05618829568644565,0.168529316990668,0.01909135673881205
cg25080152,563.0,0.08368714715430793,0.03537763353321394,0.0108780083888338,0.06258490268355946,0.0780867990357647,0.09811350321105186,0.230815535723752,0.035528600527492404
cg24666276,562.0,0.11654570061835,0.04769051532668678,0.0187908070413088,0.08198817608220582,0.1101795581698765,0.14332836604288302,0.308491355919596,0.061340189960677194
cg10832291,563.0,0.031152208289085145,0.0074642239608869,0.0145271672059409,0.02604801775042585,0.030173824777017,0.034922478478650446,0.071811225843403,0.008874460728224596
cg27207274,558.0,0.07018994450158315,0.04424826360773457,0.038721557629665,0.057775184524180775,0.06471877035773956,0.07365340112669075,0.639683703387908,0.015878216602509973
cg03076047,563.0,0.02388666095321814,0.009238059426918521,0.0107941170762857,0.01957576897253715,0.0227109905959526,0.026563956177199248,0.189915406881095,0.0069881872046621
cg00611675,563.0,0.07556819399313364,0.02930745812730196,0.0129568967338867,0.0566758787012912,0.0722611806936345,0.0915782820122979,0.182465947942926,0.0349024033110067
cg23187103,563.0,0.013102373355752742,0.003000097732122973,0.0058064746696716,0.0112959254361974,0.0127318882464521,0.014464503436703201,0.0297946613190541,0.003168578000505802
cg01194468,556.0,0.06279302679306321,0.017105689329537932,0.0335387463577085,0.05269649356410878,0.0596979866453293,0.06793590824900572,0.181179545954216,0.015239414684896944
cg23676114,563.0,0.05765635589327519,0.014252431050325002,0.030194907260167,0.04783889684403565,0.0551774579200472,0.06523683600783264,0.111032639878438,0.01739793916379699
cg01177235,563.0,0.06712770975831286,0.0210687471023895,0.0329043876058992,0.054702922566645246,0.0622253312221387,0.0732338106558047,0.261863639122658,0.018530888089159453
cg14213824,563.0,0.049279921720317164,0.018232835974460154,0.0217966017902677,0.0381793256394944,0.0448097053644775,0.0535075933628826,0.14423296056535,0.015328267723388196
cg16720880,563.0,0.045303303165714646,0.014807789081953189,0.0207970607463584,0.0357114762583244,0.0416911884378315,0.050361910267026355,0.143492212490173,0.014650434008701953
cg21614231,563.0,0.9379804630293499,0.018961025298449508,0.702391091856128,0.9328386544263445,0.941092432361165,0.9487950562969305,0.968251462964706,0.015956401870586
cg14279528,562.0,0.7823938609105318,0.14932142491311096,0.190052254314722,0.7140966528426663,0.8339165345010495,0.897836383081153,0.95141379244344,0.18373973023848666
cg14431547,557.0,0.8186905870126183,0.19843451233693563,0.0488032465225117,0.798267554381463,0.906466368088204,0.938811490478681,0.970477279193556,0.14054393609721794
cg01288067,563.0,0.059348801448059256,0.020624056656163875,0.028473173523126,0.04414280371740245,0.05525955873289,0.0706916004035798,0.229605423445149,0.02654879668617735
cg14552260,563.0,0.018417307108857753,0.0035384057664921025,0.0111044699124517,0.0159771081326239,0.0178927476539302,0.02021215947304645,0.0356792296648244,0.004235051340422548
cg14339556,563.0,0.03357042723031607,0.009077022042928708,0.0136411974643382,0.026971119504349453,0.0325514589005525,0.03921286364334025,0.0678926937866055,0.012241744138990797
cg13912011,563.0,0.016529562774646102,0.0035702676602063377,0.0104722257432419,0.014643774052928351,0.0161839796532798,0.0178911170401925,0.0537900577847186,0.003247342987264149
cg07321681,563.0,0.02727434842784736,0.015983171290760895,0.0133401988619925,0.02201912323721475,0.0261917881695626,0.03032112053336825,0.375829263053715,0.0083019972961535
cg24371383,556.0,0.17753356276644613,0.06130143935086744,0.0763133489100962,0.14402865571337176,0.16338598242428298,0.193880262001818,0.663087285759014,0.04985160628844623
cg12007257,563.0,0.06378185954935055,0.010628628144262747,0.0382620400061844,0.05659696970215715,0.0628003363910412,0.06996730230105411,0.106052178958665,0.013370332598896958
cg14951488,563.0,0.12637948373493976,0.028105209567716782,0.0185042771686152,0.108377255522995,0.126661274675862,0.14487055639159202,0.219353955252379,0.03649330086859702
cg20589264,562.0,0.020796639921575905,0.0042200041627553815,0.013033480735873,0.018067157852411322,0.0199689729506268,0.022621590764167476,0.0435894537614419,0.004554432911756154
cg16402873,563.0,0.012803548486720731,0.00311025721273808,0.0082334915808773,0.011005687463899301,0.0124924641687002,0.01404620017830205,0.0605718120369422,0.003040512714402749
cg14001558,562.0,0.013061322717427718,0.0023196471766378964,0.0085211988069039,0.011270990174771,0.0127584459263722,0.0145705319452953,0.0202691471630998,0.0032995417705243
cg11808746,563.0,0.014108690532638626,0.008287081562682711,0.0060615175846092,0.01068770627177915,0.0126746277901951,0.0155315983830816,0.177017331373081,0.004843892111302451
cg09145139,563.0,0.08688539078596588,0.015499696093043082,0.0363081377367453,0.0773900083728766,0.0865989304214587,0.09639231553987776,0.146970426381733,0.01900230716700116
cg19731367,563.0,0.0210622494413123,0.005960563476579948,0.0108824055605728,0.01645186887120785,0.0196403948454762,0.02433187892030945,0.0445000923401885,0.007880010049101601
cg14085673,563.0,0.09236443508442882,0.02811011009654238,0.038178782270314,0.0714790707316315,0.0905987950100781,0.10960454217663851,0.21338411749324,0.03812547144500701
cg04074793,563.0,0.021719821672761833,0.0069100754671529326,0.0128471832735388,0.0178647458333237,0.0202573176303343,0.023555040670003552,0.102044266965614,0.005690294836679852
cg18785410,563.0,0.027607785983064296,0.005377947890863184,0.0174622046240238,0.0238844228816189,0.026774469375755,0.03086176236354605,0.0518907402681309,0.00697733948192715
cg18691055,563.0,0.028151659981678016,0.009037225577482273,0.0152605304189271,0.022242668969995,0.0259516339316837,0.0312069489294209,0.0749848871599247,0.008964279959425898
cg26235537,563.0,0.020896311272789292,0.00510500938394973,0.0126338451635738,0.0173726437883506,0.0198542045191615,0.02308843743996055,0.0519247743419883,0.00571579365160995
cg07314148,497.0,0.11321386320310323,0.032321913578048145,0.0609851923625384,0.0905895130434194,0.106854484928291,0.128959709069913,0.283814212133164,0.038370196026493594
cg00498419,0.0,,,,,,,,
cg14772925,563.0,0.18641266389292807,0.06291972143417388,0.0734236037064044,0.15228376944051952,0.175411006648069,0.205234737410431,0.746708980485514,0.05295096796991147
cg26705960,563.0,0.032290423417705896,0.053548405022943994,0.0104036594876878,0.01741225644069385,0.02111356238083,0.02808829016176435,0.70667624610135,0.0106760337210705
cg25915838,563.0,0.06429876286795456,0.06587906961534096,0.0143795260805002,0.03174447254002665,0.0454153750662908,0.07251361043494006,0.804972775243774,0.04076913789491341
cg13906669,562.0,0.09540049021903353,0.05289624111321405,0.0326335695469787,0.06857600720786029,0.0839480345873926,0.10844466375820826,0.793096865809535,0.039868656550347964
cg16581884,563.0,0.0680684189711333,0.03153383850366958,0.0327544270634764,0.05185469310513495,0.0622099023573236,0.0745675011270131,0.467889546219743,0.022712808021878153
cg22299741,563.0,0.07943693931943967,0.051343957230668515,0.0327179804471313,0.057908367349781,0.0707661809701016,0.08623052464857106,0.759414889614362,0.028322157298790063
cg14933485,562.0,0.05473386307460714,0.03507706779425348,0.0267819768067922,0.04252498157483295,0.05012370715499845,0.05991403926153085,0.682944699103381,0.0173890576866979
cg23641145,563.0,0.09215405658694692,0.037266822398824756,0.0392130128328076,0.0698135929870924,0.084709442849247,0.1026173445491845,0.415462738874983,0.0328037515620921
cg23795893,7.0,0.2537706975728247,0.280461894762124,0.0262553623277971,0.1383047097474375,0.191058060808159,0.205078853597118,0.872314333184706,0.0667741438496805
cg22733687,542.0,0.09033813956691779,0.03446973812289396,0.0418744303670415,0.06788419619523925,0.08235432649289284,0.10463814787500875,0.42618216867597,0.0367539516797695
cg13686012,563.0,0.05803811687606726,0.030009236146906124,0.0303013909148731,0.0454281983526728,0.0524540594434729,0.061512520688361105,0.496043790892184,0.01608432233568831
cg11637980,192.0,0.17305829559976313,0.063220204720294,0.0753308050953053,0.135011482469515,0.165079500130433,0.19691074418299176,0.796849051885843,0.06189926171347676
cg23614125,372.0,0.8713426397677698,0.060960949262668644,0.476100508786189,0.8539732250151315,0.883515465144705,0.9070219498252455,0.955517722784031,0.05304872481011402
cg16688583,527.0,0.8239645662166558,0.12501602670081025,0.22232819106224,0.7947630840398501,0.86960273964419,0.9040546109375744,0.953472646240062,0.10929152689772437
cg00173799,561.0,0.9062723450889785,0.07217948934952793,0.340808786867678,0.902820234496965,0.926979265501845,0.943905161946012,0.970755706907601,0.041084927449047015
cg23855879,0.0,,,,,,,,
cg18913951,0.0,,,,,,,,
cg05559398,0.0,,,,,,,,
cg18896967,0.0,,,,,,,,
cg14924052,0.0,,,,,,,,
cg15483228,563.0,0.12432172580695165,0.10735510279582836,0.0212615024960579,0.056260523932667894,0.0875716226911391,0.1550352074295305,0.726596064137092,0.09877468349686261
cg27293078,0.0,,,,,,,,
cg04011253,0.0,,,,,,,,
cg07688490,0.0,,,,,,,,
cg27274706,0.0,,,,,,,,
cg06353098,563.0,0.5496958777535289,0.18624436325130644,0.0999251361314927,0.413834580348931,0.542158326470784,0.6817494239662835,0.953829314199948,0.26791484361735246
cg25149125,563.0,0.6387545924563229,0.18142938424470711,0.164021937251967,0.494013940438766,0.605787138549431,0.79671694462388,0.987301114212189,0.302703004185114
cg04254916,563.0,0.6626792662967141,0.16458664590450053,0.18658041789113,0.5366662474760424,0.650466607413954,0.814622305310071,0.954835488253318,0.27795605783402855
cg16167877,562.0,0.5270863001836136,0.18524188690100657,0.0715942406510606,0.37564363593814376,0.5121394441325184,0.677867096610972,0.930148562443173,0.30222346067282824
cg16353632,563.0,0.47554833174859257,0.15862766580516088,0.071442658318872,0.35589336121057946,0.466074388637003,0.5776957451861344,0.927308358363207,0.22180238397555496
cg23645091,563.0,0.5907946358505362,0.2009403324772285,0.0468839512340313,0.431211270067439,0.599073967080886,0.7591644723323,0.969263600273959,0.327953202264861
cg17565113,563.0,0.5576195209731484,0.16666174762621289,0.0725297155914026,0.46055154509172647,0.561786887727061,0.6664481119904315,0.947640292036119,0.20589656689870506
cg00368577,562.0,0.38797906508010527,0.11541722537262619,0.107762285904664,0.31022005222140725,0.380792967232395,0.45651009254952,0.788863569720169,0.14629004032811277
cg22566740,562.0,0.40670434921136484,0.15371404641051242,0.050991712459738,0.29658658761608747,0.4047517132856275,0.5124384395528847,0.875617410459731,0.21585185193679723
cg24549639,563.0,0.09558977882271252,0.03678544095307035,0.0133020273063181,0.07245716475842184,0.0902512245760277,0.1133458621783425,0.234188766104292,0.040888697419920655
cg15434599,518.0,0.07017766546942525,0.025937050438204514,0.0341705480001467,0.05394726202231477,0.06225154932590385,0.0776007700586978,0.173407923571283,0.023653508036383025
cg04732910,563.0,0.01815012424820096,0.0036398355860907962,0.0089633342647957,0.015312127543496399,0.0178784248487453,0.020753936039331553,0.0296231068014036,0.0054418084958351536
cg05953180,563.0,0.02540895385376414,0.007491656739751606,0.0076453982214466,0.02011392356437585,0.0247577149514832,0.0296547427183196,0.0590433101149312,0.009540819153943749
cg19722181,562.0,0.019635489504744676,0.005887237888397686,0.010045351416194,0.01540703605226965,0.018694607816678352,0.022509410630135677,0.0509963394256963,0.0071023745778660274
cg12504957,563.0,0.03829971757159104,0.01223018845955021,0.0219410623007871,0.03157733942724275,0.0359645951416901,0.041466295912169146,0.125743452716762,0.009888956484926395
cg01098785,553.0,0.06393284490483525,0.025711645077765424,0.0343686118945794,0.046383912576679,0.0546275965718164,0.0718817620968905,0.174659878412464,0.025497849520211495
cg04667586,563.0,0.01994081192763949,0.004354518542831978,0.0072598402992192,0.0170358230481167,0.0194639228662928,0.022499015522997053,0.0366936826305728,0.0054631924748803525
cg11603030,563.0,0.021672001219042055,0.006751309736729325,0.0079241177749919,0.017209478256661102,0.0206391443045809,0.0244367799557509,0.0648914704986933,0.007227301699089798
cg24703804,563.0,0.026136766797752717,0.00718122786446267,0.009669071892697,0.021244455159913397,0.0250520253349467,0.02963829469933955,0.0600824388843536,0.008393839539426153
cg09781971,563.0,0.03494054793810739,0.009910192228669921,0.0119923520318309,0.02870730313571155,0.0333979926595852,0.03945026827288315,0.112748233376637,0.0107429651371716
cg08797454,563.0,0.04147365772296282,0.009634597331951687,0.0259070304169629,0.0355522665320982,0.0395758176987287,0.045268346198995654,0.104682932960604,0.009716079666897456
cg01202278,523.0,0.10156488118748147,0.026912391941785206,0.0370993442034975,0.0824948486047293,0.0965370957163396,0.118214879204704,0.192822960119675,0.035720030599974695
cg11260422,563.0,0.07035382355881792,0.028685334452564538,0.021779303903758,0.0514486254609447,0.0636507979404681,0.08336989161375954,0.340332486928883,0.03192126615281485
cg01824511,563.0,0.0870997234074261,0.03797709368745786,0.0229678339609761,0.0608337396523881,0.0801053506904742,0.10346981224771801,0.332322557082821,0.04263607259532991
cg03026462,562.0,0.06277356703341146,0.03241373533722129,0.0215467935641665,0.04165414106611207,0.0529383590632568,0.07329617129799704,0.290252758553344,0.031642030231884964
cg10323697,563.0,0.10045024355532782,0.03827425403283361,0.0342704582148499,0.07347333066526494,0.092706390437135,0.1164940783626705,0.316156160833243,0.04302074769740556
cg23032032,563.0,0.07944051469022989,0.030164969965612663,0.0228721510368485,0.058610624484695395,0.0732887523956884,0.09269181171662294,0.305741439327422,0.034081187231927546
cg01892516,563.0,0.01421553716819059,0.009186841097917257,0.0080131895102236,0.01109821303351145,0.0124429120862036,0.014603511276801949,0.156881119363919,0.0035052982432904993
cg16581536,563.0,0.024880321170652732,0.012421366552839024,0.0113714081772906,0.0182734403424419,0.0220553853911407,0.027733597561639352,0.172173192655301,0.009460157219197452
cg16527491,563.0,0.08123236332442477,0.032661047564745256,0.0204909183097707,0.058835374678781846,0.0751936123185688,0.0983112287569136,0.208081748340441,0.039475854078131756
cg09276158,563.0,0.015285472664052118,0.004359987401941661,0.0089651104595495,0.01295739591571195,0.0144764393607503,0.0163376982762387,0.0802855317154174,0.003380302360526749
cg10724086,563.0,0.06459973967170135,0.020925620022460595,0.0295615752085245,0.048907447909932594,0.0611600281083634,0.07610652413990379,0.180249200125122,0.027199076229971197
cg03015370,563.0,0.08331751452943992,0.030160864599453968,0.035409529398126,0.06694154519609805,0.0788175078388002,0.0946149535976458,0.521100630391717,0.02767340840154775
cg01662117,563.0,0.024624712872602168,0.007745391518451534,0.0138387468364354,0.0196722020634284,0.0228112763593999,0.027509301312770552,0.0634212480941346,0.007837099249342151
cg23664186,562.0,0.06137122704301362,0.03889818616750051,0.0136428989000915,0.034172326206796624,0.051214977235226555,0.07686013445149589,0.343361766633614,0.04268780824469927
cg04404789,563.0,0.041013985552576515,0.018225493408720855,0.0170694884950631,0.029184703235030002,0.0361950745440874,0.046838861784803204,0.136628758731113,0.017654158549773202
cg00190596,563.0,0.021682994050062177,0.0054953737550952645,0.0110729767949173,0.0182261507861635,0.0206628265589234,0.02364591689787165,0.0601007053646607,0.005419766111708153
cg13448401,563.0,0.013548152661012568,0.0023418527445459216,0.0075790524886948,0.01201493527020555,0.013272476378591,0.01476991580719785,0.0291425776786084,0.0027549805369923
cg10244268,563.0,0.01628876866579803,0.0033784367945793765,0.0101751944452956,0.01408013713936565,0.0158834746469009,0.01794926361311525,0.0474638027638871,0.003869126473749599
cg04021430,563.0,0.04264791898333245,0.011717567980974477,0.0209696819800561,0.0349922320228246,0.0411026201784068,0.0472133400755865,0.108951720711769,0.0122211080527619
cg25325612,563.0,0.03826514391605275,0.008534597622009414,0.0205043595357143,0.0328144941473739,0.0366039488033198,0.04220956889810915,0.0901718043377487,0.009395074750735255
cg03639675,563.0,0.05220707333860285,0.019088998415426998,0.0198178360618084,0.0383627721013083,0.0479019340068414,0.060761154667128,0.151316195012628,0.022398382565819705
cg09238957,563.0,0.05094656009457661,0.030598475440215427,0.0084861575084037,0.02698266185567355,0.0456961985859862,0.06864351742387964,0.169700770476152,0.04166085556820609
cg05598205,563.0,0.02579241958967502,0.013298182825053934,0.0091662663089951,0.01586443784822365,0.0221839569953691,0.0314268585035688,0.10601892048787,0.01556242065534515
cg06250734,563.0,0.08214343997583898,0.02889908669976246,0.0417247746481748,0.0674986876610518,0.0786374278098403,0.09217166353525666,0.580982670421162,0.02467297587420486
cg07368544,563.0,0.013627900434760434,0.0026406391808987922,0.0088553518167343,0.0118955919579313,0.0133743235030455,0.01509705273654525,0.0388592387188783,0.003201460778613949
cg08124804,563.0,0.04400216098014352,0.014055390485042915,0.0190693739017738,0.03407359426466925,0.0420307678856909,0.050667287075981046,0.135304557126018,0.016593692811311796
cg00748373,563.0,0.21453210784000087,0.18821370164558315,0.013120826164913,0.043708522599927,0.146219735450748,0.359057560219345,0.8084365191933,0.315349037619418
cg06575065,563.0,0.30101763493615125,0.1885443746639747,0.0409056479245111,0.135108180352043,0.266039346367814,0.44409126945675403,0.843717699774121,0.30898308910471106
cg27417609,563.0,0.41053164207409143,0.22716451530359125,0.0745578915083181,0.1959201518778205,0.402879561329782,0.6077260317360791,0.888825120743724,0.41180587985825856
cg19034028,563.0,0.937290293262045,0.030773623638100597,0.742264816140211,0.9287771757450215,0.94569573178798,0.9561249102928959,0.975619000585471,0.027347734547874425
cg05650674,563.0,0.7526346228212619,0.10791823854757412,0.198056785070161,0.6910868455372555,0.763584173441787,0.8294355746960116,0.969488233828401,0.13834872915875607
cg04904099,562.0,0.4524448663743574,0.1709809904711876,0.0524079576739707,0.3325203559157875,0.44112615077553397,0.5623659109182835,0.946282463024349,0.22984555500249598
cg11843735,555.0,0.8910405321636802,0.05116448019737621,0.527671562789494,0.8732982237435645,0.903644701729297,0.9235904722539655,0.971520684824988,0.05029224851040104
cg02202600,563.0,0.020701017644511172,0.038432049982504234,0.0089872960160845,0.015045801983804251,0.0170940470495041,0.01956316004985435,0.659043043763943,0.0045173580660500985
cg17733331,563.0,0.0745095192572602,0.03679245975278836,0.0252655604793022,0.055910025766788246,0.067178212121962,0.08394729796040079,0.497872434109814,0.028037272193612545
cg15227682,563.0,0.44005744806548724,0.16693356944404028,0.107915786868288,0.3124417032452145,0.423574363284946,0.5589165672940055,0.932244471652236,0.24647486404879104
cg05616858,495.0,0.40521083160283433,0.17467676166532173,0.0869310747844593,0.2748882187782695,0.386223552840889,0.5392771660481626,0.951592008378475,0.26438894726989304
cg03386751,563.0,0.1483125355540181,0.07259207952943517,0.0466684413133926,0.10825329258350999,0.132946995261432,0.16457085275435102,0.659262560272782,0.056317560170841025
cg14187895,558.0,0.3056674397383089,0.13340432741882582,0.0766497340586539,0.2087654108102305,0.2885377355021155,0.3919413136518745,0.847487274391122,0.183175902841644
cg09875273,563.0,0.04072468368968591,0.0232201306954075,0.0190697630546941,0.0281860464992472,0.033786278633888,0.04467388180589785,0.245240162618105,0.01648783530665065
cg24649641,563.0,0.06621281669531195,0.01890326171069018,0.028226935066625,0.053316906767729155,0.0625918977118933,0.07388102892544521,0.176897944594133,0.020564122157716053
cg10289325,562.0,0.059497245330821194,0.019666041942343,0.0264863852080601,0.0468929706336619,0.056203806429289155,0.06651966153812888,0.171516382441788,0.019626690904466983
cg27300230,563.0,0.012307218346577673,0.007410622004804117,0.0056941272272011,0.0105049704149144,0.011803532854457,0.0132074107844823,0.179531751737217,0.0027024403695678993
cg23906291,563.0,0.013693004875771011,0.012000306924034924,0.0062889300574042,0.0114158045676995,0.012798306102098,0.0146473384761681,0.291019265038431,0.0032315339084686007
cg10394385,563.0,0.06763616011852099,0.019196968104666687,0.0305115593143237,0.0538580363931534,0.0636504938389478,0.07748667932355505,0.154647431719011,0.02362864293040165
cg22632017,563.0,0.06967534980128214,0.021656794052889,0.0253704398706893,0.054489768964878255,0.0658188892493519,0.08137742361145195,0.163435068981028,0.026887654646573694
cg12222323,563.0,0.032391613766340935,0.010262124403651988,0.0183210125520089,0.0258735238429436,0.0297412377485305,0.0352024965769448,0.0954888621641691,0.009328972734001198
cg27052442,563.0,0.04860544333311716,0.010188295281559151,0.0246537221394732,0.04198577763972535,0.0468512506072119,0.052812197119565696,0.104308965186229,0.010826419479840345
cg25582403,561.0,0.10516991724632352,0.023114568016049126,0.0573765285435425,0.0894307706755269,0.104014873955701,0.117997073831733,0.195950357435103,0.02856630315620609
cg02330892,563.0,0.0469234408735945,0.014268938359751236,0.0259640274249225,0.03848380451980315,0.0436262206573922,0.050998078394709795,0.154541739849904,0.012514273874906646
cg10713339,563.0,0.86603033647317,0.04123539452266391,0.690556592862074,0.8500960400711285,0.871398982965553,0.8928422437753695,0.963486200777645,0.04274620370424098
cg19656808,0.0,,,,,,,,
cg12413918,539.0,0.1519392324153674,0.06478195861038968,0.0559446126087039,0.1029691430084755,0.139783973066518,0.185976980162248,0.447211319041455,0.08300783715377251
cg22778981,563.0,0.07893806098789245,0.058642053326385564,0.0135568131976554,0.0447293213066957,0.0602846358816295,0.09049283295280265,0.411967803654847,0.04576351164610695
cg23731030,563.0,0.07701162568329928,0.04473720470578877,0.0243671012448819,0.0490242875636488,0.0625778676429858,0.0859048554971622,0.363958225508088,0.0368805679335134
cg23333072,563.0,0.10253112236549965,0.05740604101490359,0.0248855467181573,0.06475319695032905,0.0855177931176263,0.1230791900330305,0.403680621407412,0.05832599308270145
cg02433278,563.0,0.06388494884880747,0.04175941634937092,0.0148596121467316,0.0406651059496832,0.0516866419779054,0.07206324204729289,0.354281216418346,0.03139813609760969
cg26111030,563.0,0.016327085706116403,0.011458881033309198,0.0071437237269816,0.0117683159217057,0.0139818608973636,0.017343748303074148,0.199491033082635,0.005575432381368449
cg23613219,563.0,0.01784662535493784,0.005087843877258975,0.0086689932592489,0.015236853753542699,0.0169416845702831,0.01972652753897155,0.0918092773189516,0.00448967378542885
cg11993754,563.0,0.12595850970080597,0.050031746400510176,0.0406117037078872,0.08898911010210564,0.115085643649486,0.152741233508842,0.359883361910973,0.06375212340673636
cg01692252,563.0,0.4382695626852621,0.15287650074716871,0.0972211077350894,0.320691855877536,0.440228199669648,0.5434552119196225,0.89863431757385,0.22276335604208652
cg07967228,563.0,0.13533287440552055,0.057621164416477695,0.0337538168948642,0.09191060286354086,0.126848796687944,0.1676086049439685,0.379809953384148,0.07569800208042765
cg17355719,563.0,0.402113688620645,0.12044693366610182,0.0974425173763876,0.3169330064758895,0.398596921054444,0.4807492946109385,0.850951750173255,0.163816288135049
cg03684977,563.0,0.39644567067525305,0.1347700009838645,0.0833456643226998,0.305062527562604,0.390585247291588,0.4784141562192255,0.958060834728202,0.17335162865662151
cg14263391,563.0,0.2724123883898904,0.13676453445819853,0.0153898595296896,0.17116459711729098,0.272400709817369,0.36487142558228447,0.693034933246078,0.19370682846499349
cg08284496,563.0,0.24258915923150687,0.10796943245253335,0.0229359203089873,0.1664025831104085,0.240114879408951,0.31298728735050896,0.593423808241836,0.14658470424010045
cg24967701,563.0,0.13065501088296652,0.0704395225919507,0.0277866940198746,0.07565751095704121,0.115349657157966,0.172372864741037,0.410561790802459,0.09671535378399579
cg23836594,563.0,0.19644035674640214,0.08781028497262507,0.030130200440829,0.13158621240664148,0.181058334079312,0.2441639983285645,0.491244347023148,0.11257778592192302
cg11183072,563.0,0.10361120050191994,0.09361690639032746,0.0106351815916481,0.0289844348741834,0.0716101273475461,0.14562221973206702,0.467523012414511,0.11663778485788362
cg13761998,563.0,0.19746073651804028,0.09972383330658922,0.0252588117619117,0.11884617005749501,0.184569322350108,0.2547455010926965,0.493443796284619,0.1358993310352015
cg17740645,555.0,0.19836960624950478,0.09369245935396665,0.0306765487047328,0.1272158413299525,0.184543569185553,0.2533994085318415,0.484644920287393,0.126183567201889
cg08500763,563.0,0.19215657212319043,0.09745062065564944,0.018896713621511,0.1180280100343955,0.18116864933795,0.24530176267175802,0.545851018147112,0.1272737526373625
cg19291926,563.0,0.2382690925584426,0.10586583054688765,0.0582645075456156,0.159449158027693,0.220094222305174,0.3029976443625705,0.708442126048424,0.1435484863348775
cg23188547,563.0,0.05753939492280379,0.03793609337698312,0.0226902889875501,0.0376972422843335,0.0458989810130829,0.0596698775909333,0.319446388722921,0.0219726353065998
cg06557887,563.0,0.024745027227780093,0.014575154348763544,0.0133662069496386,0.0213038449773003,0.0232406882677542,0.02583625547278595,0.275237884500067,0.004532410495485653
cg04173528,562.0,0.015444764193630658,0.017152457711924484,0.0077778741680528,0.012548896605498225,0.01416575381643665,0.016458052227446125,0.414991051260853,0.0039091556219479
cg01807412,563.0,0.0457229241243019,0.022255461305471753,0.0205062850780448,0.036258469723617556,0.0422069382288333,0.0496482619364077,0.429788027266396,0.013389792212790144
cg07447902,563.0,0.0359551531658654,0.017368742905223108,0.01842926932726,0.02889672402137975,0.0330960076160554,0.03807429870284175,0.345493955622251,0.009177574681461999
cg05642551,563.0,0.042183189737618094,0.013399321842663464,0.0231095633071597,0.0345589686103521,0.0393262561186482,0.045812092821828646,0.197265164522463,0.011253124211476548
cg13708869,563.0,0.03914461098402438,0.009233396962046727,0.0146368322445974,0.0330182598835502,0.0378589254238551,0.043693656972901646,0.102281980389282,0.010675397089351446
cg05981907,563.0,0.0211839775920807,0.006188948670178929,0.0063575022852053,0.01755468893205815,0.0208474083893553,0.02359099082064985,0.0996088107908801,0.006036301888591698
cg25042948,563.0,0.030811984326601028,0.008847439171399575,0.009103608498789,0.0249909693350494,0.0294639413908593,0.035620822471087804,0.118110574702038,0.010629853136038404
cg25202618,563.0,0.03641949501729108,0.01054110604994519,0.0112410787806703,0.02856440409435405,0.0346057927917593,0.043156490427732744,0.0766847192160275,0.014592086333378693
cg20725670,518.0,0.07591621231595026,0.025424266363071858,0.008494484726496,0.05783849440623917,0.0718658300146423,0.09359284751023282,0.14975220420955,0.03575435310399365
cg02518899,0.0,,,,,,,,
cg06848735,0.0,,,,,,,,
cg07284632,0.0,,,,,,,,
cg04592226,0.0,,,,,,,,
cg07700741,0.0,,,,,,,,
cg21874706,563.0,0.7414985443858,0.09362762747669405,0.237662463146862,0.691726791095161,0.753791823226713,0.805857490604172,0.934734844213203,0.114130699509011
cg19003337,0.0,,,,,,,,
cg01809214,0.0,,,,,,,,
cg11344638,0.0,,,,,,,,
cg08058191,0.0,,,,,,,,
cg27236973,0.0,,,,,,,,
cg01362515,0.0,,,,,,,,
cg05301556,269.0,0.7236399695930312,0.17377825343602213,0.149728489211475,0.641699338035424,0.786987129276966,0.849850441554333,0.940179506771834,0.20815110351890898
cg11117266,563.0,0.04325916927171899,0.028036774446105334,0.0115576748666238,0.0260273644023323,0.0348455498939102,0.05075475471275715,0.253315691821161,0.02472739031042485
cg16520312,563.0,0.09763465434561157,0.03559205878638076,0.0419308189116529,0.0722605076154324,0.0907403279974498,0.11431683709688151,0.247776831487788,0.042056329481449106
cg07163735,563.0,0.03754134289715261,0.014240412209094102,0.0163675773477696,0.028343673004992298,0.0345038416169885,0.043571843323068404,0.139518337925241,0.015228170318076106
cg23202277,553.0,0.028852268986789064,0.01020289716452236,0.0154729549489014,0.0226318998788244,0.0267004960704449,0.0323200117082863,0.11851583992401,0.009688111829461901
cg20099416,552.0,0.029052484654730384,0.012537745450016322,0.01364705840709,0.021090546807018124,0.02563634505798975,0.032723725064177,0.126388252990066,0.011633178257158875
cg21327887,551.0,0.03018647220054699,0.01572118883703092,0.0132099718132053,0.0203042592593332,0.0256742477014607,0.03444365035735905,0.144588586619043,0.014139391098025852
cg24247425,563.0,0.988340414949403,0.0329524121753706,0.209319185351898,0.9886896819188395,0.990027227594089,0.9910668538444725,0.994023912611708,0.002377171925632915
cg25986496,563.0,0.913925994117992,0.028971149073871293,0.801491809594013,0.8971441701004059,0.91610257981654,0.9344357695144629,0.970742270791672,0.03729159941405702
cg00345656,0.0,,,,,,,,
cg23302638,559.0,0.02982321763524667,0.028137193777560736,0.0122944982780735,0.02175451868794205,0.024548244667325,0.02931100943927305,0.441553853705069,0.007556490751331
cg21070864,563.0,0.015496965609669948,0.01123236189579383,0.009484886507917,0.013131754145672251,0.0145490623039319,0.01624649691919535,0.272188320531911,0.0031147427735231
cg01886741,563.0,0.025111473758869227,0.007491067615632981,0.0133146091235336,0.021070187033064,0.0242047480550683,0.027942704860667,0.151482109628233,0.006872517827603002
cg26267341,563.0,0.07005340988324454,0.020808404812192167,0.0292648332122045,0.05892734618473635,0.0669284592360746,0.07593266469698964,0.18730942487731,0.017005318512253294
cg23384185,558.0,0.07013314690485578,0.035910080138532446,0.0364243545678387,0.0533012887032972,0.06330046624264035,0.07589415679041525,0.442638909762643,0.02259286808711805
cg15712413,0.0,,,,,,,,
cg00134212,494.0,0.06504318283953335,0.025292928772800725,0.0327589924240021,0.048837731576010596,0.05738965268860005,0.0714508481848885,0.190702419464773,0.02261311660887791
cg06261370,555.0,0.04270352530860687,0.017319462625694552,0.0189873646825907,0.03197918409003485,0.0377759678597264,0.046628687659802104,0.171340633407275,0.014649503569767255
cg26188124,563.0,0.0529435914201163,0.018990165394440556,0.0267700510314543,0.0432657957419989,0.0501765741401299,0.05679447193710545,0.169407239512605,0.013528676195106545
cg24940511,0.0,,,,,,,,
cg00881254,563.0,0.0213158866009535,0.01054199883871697,0.0091920083845981,0.01453704239789415,0.0185624275326707,0.025227406507224,0.143952395808308,0.01069036410932985
cg26251069,0.0,,,,,,,,
cg20977660,0.0,,,,,,,,
cg18419020,563.0,0.04783457666307403,0.011536744124832351,0.0253218978774773,0.04006657857607045,0.0465661295103479,0.05311007509635125,0.160067359125037,0.013043496520280806
cg00277996,544.0,0.07998439121914015,0.02659266989963596,0.0357423097331313,0.06063746436018125,0.07263510569631726,0.09402113068584587,0.173051882185166,0.03338366632566463
cg26661543,563.0,0.06196158355812142,0.017673247507156164,0.030175195878261,0.0489878824960338,0.0589940123438157,0.0706648490244635,0.151607678697181,0.0216769665284297
cg05407825,563.0,0.010642198837332466,0.006145160506642462,0.0063141096920485,0.008794097033005599,0.0099818372013867,0.0113925342921958,0.13852202133076,0.002598437259190201
cg17241550,563.0,0.0192914892329946,0.010758528036739105,0.0083254994684505,0.0140678016271765,0.0167954636641947,0.02041865416009065,0.169372521770931,0.006350852532914151
cg02807146,469.0,0.04987670462456918,0.026122611233682556,0.0244231728332677,0.0351255233729943,0.0408457347953467,0.0545645735603008,0.226308473594823,0.019439050187306496
cg16932672,460.0,0.07528138155833528,0.03266746970635724,0.0331358293772077,0.05247708869079053,0.06397950075094225,0.08740973730783758,0.210234315496803,0.03493264861704705
cg07333223,563.0,0.0129982089707841,0.009171959600564219,0.0074824320642357,0.01061988770127235,0.0119898781669692,0.0143232480128501,0.218919813433134,0.003703360311577749
cg14313868,504.0,0.059754447913635725,0.02163335512434892,0.0275354597080063,0.0467651736616658,0.05498142326665635,0.06570549305926596,0.159905200264535,0.018940319397600158
cg13425515,559.0,0.06319557283759984,0.0168961951241357,0.034771567461897,0.05233621449777525,0.060601300510302,0.06971538799749745,0.169487242966307,0.0173791734997222
cg13890999,563.0,0.03059391414967414,0.012333332090543688,0.0136739094411024,0.0225091361948536,0.0272015316618803,0.0344975565277173,0.106112957725076,0.011988420332863698
cg17322050,563.0,0.01948627359407581,0.004987399739494221,0.0104024455560171,0.016184333800284202,0.0185387605802908,0.0214896039158194,0.0587026603848752,0.005305270115535197
cg16168723,563.0,0.08366910599006139,0.020987796574603326,0.0447312553541501,0.07045292486527024,0.0803635066266303,0.09234330031908965,0.291593158527806,0.021890375453819402
cg21796667,563.0,0.046482888201955695,0.014667262973211316,0.0211171345047496,0.0371673606256664,0.0446349333004624,0.052156010683897955,0.131072656059807,0.014988650058231558
cg18418962,563.0,0.07828515006027918,0.025266147667640286,0.0225733230494372,0.06025621563148575,0.077605474308026,0.09388218170777705,0.166425838869446,0.03362596607629131
cg12105108,549.0,0.056012161791724635,0.020476514005966253,0.0244746822438483,0.0424507099188941,0.0508171498467441,0.0623507025896138,0.158169039242705,0.0198999926707197
cg14868726,563.0,0.07551583323204285,0.021182326067682104,0.0356137031592494,0.061042889543020507,0.0723299562625456,0.08700266699922529,0.173277304984393,0.025959777456204786
cg11951604,563.0,0.014066638437710543,0.01714691457762611,0.0080346811454635,0.01133843960888525,0.012736074612838,0.0147766407896729,0.413167684619811,0.0034382011807876506
cg21467513,563.0,0.022933207458609408,0.003989267765874931,0.0142817603785206,0.02019754306278795,0.0223232370117445,0.02509149471064655,0.041623699003563,0.004893951647858601
cg02122913,563.0,0.06204501948269702,0.015025203110942626,0.0347579790082643,0.0515800140688226,0.0596602135735199,0.0693275130659913,0.136264101802644,0.017747498997168702
cg20489749,563.0,0.0866584271025136,0.018458318739501964,0.0288155963211624,0.07525474164616465,0.0851459792872056,0.0956157323151932,0.176069948499935,0.02036099066902855
cg12339809,563.0,0.07907859353365826,0.017035319964424096,0.0365411522862902,0.0677902624950495,0.077278685433298,0.0879916776253388,0.153447978766201,0.020201415130289294
cg07000989,563.0,0.0503026759468381,0.01761879141101583,0.0241432868925967,0.0411523809353658,0.0469157569738614,0.05459666651193315,0.152336607307571,0.01344428557656735
cg18301624,563.0,0.02138589589450451,0.011066729304656457,0.0094727688020803,0.01622089462954315,0.019205998054598,0.02349987713910695,0.21212462453094,0.007278982509563801
cg00164542,563.0,0.04201033066734449,0.010415396580264394,0.0222025281692457,0.034613516653822146,0.0401588769780743,0.046585533013479,0.0924920691234845,0.011972016359656855
cg21840888,563.0,0.03745972551634399,0.02001280929631176,0.0127570038449541,0.02252077304081935,0.0318349016920529,0.046744697805631855,0.135173671639292,0.024223924764812506
cg12954646,563.0,0.01551125584376993,0.0038212474873989986,0.009876520766707,0.013635241844114649,0.0149275688215383,0.01658761527892965,0.0769071614169368,0.002952373434815001
cg24525646,563.0,0.014709758704071103,0.0033770359554698773,0.0091568719794782,0.012562676059771849,0.0140255543973274,0.016018752183033,0.0341695415964953,0.00345607612326115
cg03278924,563.0,0.013324274543760332,0.006508783442350186,0.0072808362680368,0.01090411385996355,0.0124236355268257,0.0142455121621788,0.144506827150239,0.00334139830221525
cg27332026,562.0,0.014012260231026391,0.0025284524332390918,0.009113471594369,0.012322787754991425,0.0137055869469537,0.0154353972708008,0.0290473621473668,0.003112609515809375
cg20839219,563.0,0.048264592839671196,0.011221042469666664,0.0283919340956606,0.0405233342060638,0.0465000161381909,0.0535590021648711,0.0981182545578402,0.013035667958807298
cg19453250,549.0,0.1794913764558919,0.08617357604481063,0.0524125702037396,0.115957712486605,0.158226333690968,0.222652232710999,0.694428554089757,0.10669452022439399
cg27388618,563.0,0.03797727305712888,0.01319001691472723,0.0215370248256942,0.03121668786770285,0.0346828606743561,0.04072234819297635,0.130763235651334,0.009505660325273498
cg21777986,511.0,0.07743120435160546,0.028184229412717726,0.0232118892740753,0.0564609277105139,0.0692700065237191,0.09395561659037685,0.278246825151331,0.03749468887986295
cg09752703,563.0,0.06702502897042165,0.018912455618722134,0.033670109124598,0.054774786246177154,0.0641230793460416,0.07569033722547594,0.246358003638028,0.020915550979298786
cg12461368,563.0,0.04854619902225936,0.016400086389857207,0.0268913766700625,0.03810606448854375,0.0448231343318479,0.05432884753918055,0.195921626123909,0.016222783050636798
cg03813215,563.0,0.06943921164527611,0.019773274467491376,0.0382645314320996,0.0592241684579546,0.0660171232211412,0.07664476016465754,0.381654558258321,0.017420591706702945
cg18423859,563.0,0.04577369179611444,0.01646058050894414,0.0188541657041644,0.0352230097787573,0.0420721493556029,0.0527760051130114,0.191193075602859,0.0175529953342541
cg05877143,563.0,0.08773659017533293,0.01872888593028826,0.048393672121,0.0757486249904899,0.0863341348985279,0.09782265190838679,0.236278488175985,0.022074026917896894
cg14604802,563.0,0.011492201287568353,0.0020864876895831663,0.0072538619374524,0.0101279471100734,0.0111797195250045,0.01228674623082765,0.024132319224165,0.00215879912075425
cg05945943,563.0,0.061146750897879756,0.013528884270792844,0.0328276126084359,0.0510350749107168,0.0597663155800096,0.0699164547823597,0.11440008577308,0.018881379871642893
cg16445842,563.0,0.049532746725830176,0.012171597297631391,0.0184839097055124,0.041884044296532405,0.047999312065563,0.05504962230794645,0.160315555633741,0.013165578011414047
cg17173732,563.0,0.04014423796697151,0.019586508084476446,0.0201944837085505,0.03132935616130765,0.0362502321921661,0.04245854790077745,0.165838198816485,0.011129191739469801
cg08554462,563.0,0.055354041279585785,0.019758542682221363,0.022333904509078,0.0416395155249465,0.0506579712426708,0.0646394088738319,0.1490563652812,0.022999893348885407
cg23699933,563.0,0.03198541722875456,0.006595304940735234,0.013127850277465,0.02735650159584175,0.0312220177794542,0.03561489318816105,0.0576623785821202,0.008258391592319302
cg27347932,563.0,0.012552899002963358,0.0039946880002024315,0.006538286465224,0.010671978973430751,0.0119571213730915,0.01375419404584935,0.0808985456849087,0.003082215072418598
cg25730573,563.0,0.07721044633046745,0.022157808856959914,0.0280737606791376,0.0616450880601189,0.0739102852607025,0.0887909633035244,0.15961474343603,0.027145875243405504
cg14455307,563.0,0.04301406780567926,0.014719648531443637,0.0245124965024646,0.03404923551371545,0.0387383609426438,0.04793519393912525,0.172557083417165,0.013885958425409801
cg06881186,560.0,0.05994878991242695,0.018380822299548478,0.0310742223964317,0.049184298973044646,0.056614527073969995,0.06610984877097867,0.180937326271136,0.016925549797934022
cg16003390,563.0,0.05659878370515114,0.01495945639212664,0.0248986136729963,0.045645879238116555,0.0549827192205815,0.06617738072910395,0.111037700989777,0.020531501490987397
cg07111678,563.0,0.013034308254441199,0.0037157807712978634,0.0082075312540847,0.011198616304182951,0.0127320779061639,0.01438044568095355,0.0790492326620226,0.003181829376770598
cg11255230,563.0,0.023099691664214786,0.0055236721865131655,0.0125977931155547,0.0195810287728782,0.0221080293573035,0.0257083146552098,0.0895348966980968,0.0061272858823316
cg20777956,563.0,0.01756684218503966,0.005259593573303637,0.0098018687537009,0.01411983767088165,0.016738442960783,0.02025429062677355,0.0882826279810532,0.006134452955891901
cg22152050,563.0,0.05500551266374506,0.01960647567355423,0.0204434895961569,0.0408580330944503,0.0512698642286086,0.06384177708261585,0.167423792852933,0.02298374398816555
cg12953669,385.0,0.2099615606192578,0.09111852483206095,0.0616663534756723,0.14085199465319,0.191145687535711,0.265290094953908,0.683904761835474,0.12443810030071797
cg05724997,521.0,0.09321350567477689,0.03132053863298045,0.0445213251460076,0.0700545819391837,0.0847143473128032,0.11175807932721,0.197203551752095,0.04170349738802631
cg12090740,546.0,0.15400743282011187,0.06055157661317654,0.0639584097373614,0.11018474105234624,0.139998293986122,0.185244336970564,0.468522897581876,0.07505959591821776
cg26277730,0.0,,,,,,,,
cg21793948,563.0,0.01748271806085885,0.0075254801048496,0.0087361029597785,0.01391494759419755,0.0160104333200557,0.01893474464473045,0.140191029565667,0.0050197970505329
cg23707289,563.0,0.057374261772804656,0.029889822576479045,0.0150482339316701,0.0358315735623526,0.0504815768150604,0.0747716524929251,0.256464180101165,0.0389400789305725
cg16740744,563.0,0.7319612323393827,0.09173105184546149,0.354369660286092,0.6760746724844315,0.743770883127006,0.797963708802242,0.93334564376513,0.12188903631781045
cg11613243,563.0,0.05205639897354849,0.01570747425720361,0.0261275999038965,0.041929849639820604,0.0492809121046104,0.0571930317465769,0.192774930218639,0.015263182106756298
cg15828085,0.0,,,,,,,,
cg11304457,0.0,,,,,,,,
cg26605086,563.0,0.12610225841834186,0.028990694344717214,0.0385786343885515,0.1050617289124705,0.128394144443486,0.1481203881699435,0.198574986317598,0.043058659257473
cg26768816,0.0,,,,,,,,
cg11995300,563.0,0.016179021161762223,0.0036786113156363496,0.0100477572220249,0.013559879437263,0.0153977117244915,0.0183478965009241,0.0340366767190806,0.004788017063661099
cg14750501,563.0,0.021380069388948725,0.009014775150290933,0.0102964806440826,0.01635436555962695,0.0200420347393225,0.024351896066052002,0.157679520111969,0.00799753050642505
cg07718463,563.0,0.038539536896087835,0.009274494403228067,0.0224481861470299,0.03232923860858635,0.0366777540514447,0.04286350769311535,0.0781210215261753,0.010534269084529
cg06636316,563.0,0.02566256418469935,0.015005413205666852,0.01206289474595,0.0212914961356723,0.023990049953911,0.027330837933183298,0.336303676780365,0.006039341797510998
cg03603808,563.0,0.029007872102740577,0.00816400597194213,0.0171452155261404,0.02523651170009385,0.0283336561996097,0.03142842037218635,0.187454682514085,0.006191908672092499
cg27475126,563.0,0.14775775022563442,0.08888941327133758,0.0174601950697774,0.09443411793191114,0.127412955371056,0.17672326810044348,0.730905018160914,0.08228915016853233
cg16836589,563.0,0.18092229306442362,0.05971482336045613,0.0655911804429275,0.1443036160131115,0.171067278404533,0.1994519093142605,0.615864279028326,0.05514829330114898
cg24734430,0.0,,,,,,,,
cg25152942,563.0,0.8572889897112338,0.09902031749807107,0.365337654863646,0.820870521593844,0.887252504410552,0.9269181076451525,0.968840899946885,0.10604758605130848
cg24083702,0.0,,,,,,,,
cg19023552,563.0,0.6874342121271796,0.07697204322357704,0.381899975148548,0.6571948952145485,0.707496018779458,0.739682362653547,0.820658290724593,0.08248746743899849
cg24924731,0.0,,,,,,,,
cg23843505,562.0,0.4337447985777994,0.2415691988751807,0.0520304458083856,0.20273285124736223,0.438578691922157,0.6129420009561878,0.953553337764992,0.41020914970882555
cg16487280,563.0,0.21447600812232517,0.1989050369452944,0.0199548346115926,0.0817050027607863,0.116602148751073,0.32687267235406803,0.912539929585919,0.24516766959328173
cg08290421,562.0,0.1224259442927289,0.20058785246862187,0.0065587028346118,0.010037765181005175,0.01266868475950415,0.12922472044047,0.827502561226884,0.11918695525946484
cg14577472,562.0,0.10820456822651237,0.1881205356549376,0.0089788354176735,0.014430339457120125,0.017739480458458648,0.05124770112577352,0.859495557202638,0.036817361668653396
cg14430582,563.0,0.09228203776566773,0.17388743646426177,0.0098265850372195,0.01457253375531325,0.0175749875478189,0.034092860963326505,0.891506206927934,0.019520327208013256
cg01661001,563.0,0.9313609441616523,0.03361916818124071,0.612783108526324,0.923339907390708,0.937313857818806,0.9501901991083245,0.97979618144357,0.026850291717616437
cg00242976,563.0,0.1733290463608393,0.0941697619948734,0.0475481843204,0.11176601179060949,0.14659682337033,0.20537868419600602,0.768106985002774,0.09361267240539653
cg03843031,563.0,0.05137117041970054,0.01994710852214146,0.0254667108605734,0.04128244648348095,0.0478384973084891,0.0568347518928864,0.296238044930421,0.01555230540940545
cg20034785,562.0,0.02067344406011212,0.007772981673052707,0.0106474750221489,0.017463758938617548,0.019877091629660948,0.02244139107418785,0.140314135101245,0.004977632135570301
cg13736875,562.0,0.047093200983047666,0.02022520135661577,0.0209341995338363,0.03554341839082255,0.04377307778550504,0.052003873951303875,0.306001964735296,0.016460455560481327
cg12354270,563.0,0.03581004504899691,0.01132559315795921,0.0212513165248787,0.03020439407168935,0.0340391179470436,0.038885722528493594,0.1810080597921,0.008681328456804242
cg24675094,563.0,0.04803906331924088,0.0177834067626487,0.0270708791770474,0.040874893840040546,0.0457097869928151,0.05099380292698055,0.310591217624613,0.010118909086940006
cg23873448,563.0,0.031023667394105958,0.01355365339871525,0.014222377167019,0.0248997162481061,0.0291606722840357,0.03349162062612145,0.230672582726659,0.008591904378015353
cg19136718,563.0,0.01494666945107763,0.010580130373704026,0.0080399643861177,0.01267163333686925,0.0140426586863709,0.01569163330156395,0.192113995232768,0.0030199999646947015
cg10263401,563.0,0.011241618581451885,0.015444879218962662,0.0051725848890228,0.00905127668641265,0.0101342113055668,0.01132524485679085,0.279813443411538,0.0022739681703782006
cg23265604,563.0,0.09961895021920357,0.02179789561959807,0.0363729008246548,0.0856594392574669,0.0996884417799854,0.1106439914057025,0.272710263269903,0.024984552148235598
cg19222480,563.0,0.04793577173186128,0.020919487402619275,0.0238255878702074,0.038546415444469254,0.0452745317778471,0.05262763775800215,0.361624522903742,0.014081222313532898
cg10985576,563.0,0.07540942707006548,0.017783194001993435,0.0384523772308995,0.06329453504138835,0.074397444846379,0.0844774971072964,0.181943261653618,0.021182962065908056
cg13853156,563.0,0.04728774745605411,0.012554937129782692,0.0250390559325701,0.03800711990913965,0.0455669109715492,0.054434352648522,0.106871548941208,0.016427232739382347
cg22431438,563.0,0.033499406922565624,0.01818874391920066,0.0143173076479265,0.0263470433089954,0.0312763862819822,0.03692320427070275,0.345663988712817,0.010576160961707354
cg18038749,562.0,0.061015323425189075,0.022824639635134217,0.0260060626615319,0.04660347334112797,0.057384886635688054,0.07050799531378987,0.188510657930297,0.0239045219726619
cg19197419,563.0,0.05882612071523132,0.02202390339853958,0.0233648958829117,0.046240518236845454,0.0537289083253488,0.06683932141229196,0.280011280367536,0.020598803175446503
cg22082347,563.0,0.03066103882998281,0.02020682944750105,0.0093617418108499,0.02178864026755275,0.0268481059171835,0.03491942515320705,0.251683383667636,0.0131307848856543
cg02405476,563.0,0.1467605054760847,0.03212926586339456,0.0930219403618134,0.1259304039951355,0.141509903343348,0.159873868723955,0.394940998976971,0.03394346472881951
cg03969725,563.0,0.18798025085942824,0.07904965418838142,0.0371004606604612,0.133001970699397,0.173429515803591,0.224842100556886,0.543575498101895,0.09184012985748899
cg22418565,563.0,0.3055483829051713,0.11518696194713453,0.0560777685568028,0.22374329046931402,0.30074904027365,0.377223539813319,0.891766918579948,0.153480249344005
cg23850277,563.0,0.20147291550366925,0.07143796715134225,0.0556240260541914,0.152832814273214,0.197271464527903,0.24254165071329198,0.784159274704662,0.08970883644007799
cg14420645,563.0,0.07991603652774361,0.04459457159105378,0.0397908769987908,0.0645813733513422,0.0744824038480404,0.0850418293928234,0.716493388893743,0.020460456041481195
cg21246624,563.0,0.01847627939211089,0.022359801312120505,0.0102249485231469,0.01466471569493515,0.0170928821017406,0.0197244794394476,0.535993176517107,0.00505976374451245
cg13361393,563.0,0.024249825864853473,0.0392987396838702,0.0111455566147733,0.017410142949640398,0.0201025860923232,0.02368449514482735,0.717773083331041,0.006274352195186954
cg02836840,563.0,0.022054907661866633,0.0273024591691442,0.0094513784072233,0.01524763262451515,0.0185908506755012,0.02280661656947585,0.602501272918322,0.0075589839449607
cg19934709,563.0,0.04557393075136811,0.033157333257788496,0.0137359413435923,0.0307423654687524,0.0391482154392931,0.050589230636335955,0.645617447701859,0.019846865167583556
cg21776003,0.0,,,,,,,,
